Term,InstID,CourseType,Enrolled,Completed,sPositive,sAttended,sPrepared,sEngaged,sUpToDate,sHelp,iStandards,iChallenged,iPrepared,iConcepts,iEnthusiasm,iAskQues,iQuesEffect,iHours,iRating,iWelQues,iParticipate,iDemo,iAnalyProb,iTopic,iUnderstand
201310,1301,1,34,18,3.39,3.89,3.39,3.12,3.56,3.27,3.17,2.89,2.94,3.17,3.78,3.67,3.50,3.36,2.88,3.56,3.28,3.33,2.94,2.83,2.83
201310,8245,1,32,32,3.31,3.78,3.16,3.00,3.31,3.25,3.19,2.59,2.94,3.31,3.16,3.13,3.00,3.52,2.84,3.25,3.25,3.16,2.41,2.63,3.06
201310,1301,1,37,20,3.20,3.90,3.40,2.90,3.50,3.21,2.80,2.80,2.60,2.55,3.68,3.55,3.20,3.69,2.95,3.65,3.55,3.30,2.85,2.90,2.90
201310,0238,1,33,16,3.31,4.00,3.25,2.81,3.44,3.21,3.13,2.94,3.56,3.56,3.44,2.88,3.00,3.55,3.20,3.63,3.00,3.31,2.88,3.13,3.38
201310,8245,1,32,32,3.48,3.87,3.19,3.26,3.44,3.39,3.44,3.34,3.59,3.31,3.63,3.63,3.63,3.71,3.56,3.75,3.66,3.66,3.28,3.38,3.50
201310,0238,1,32,14,3.31,3.79,3.21,2.71,3.43,2.83,2.93,2.93,3.43,3.21,3.07,3.14,3.00,3.09,2.85,3.07,2.79,3.14,2.64,3.00,2.86
201310,0238,1,32,18,3.61,3.94,3.44,3.33,3.56,3.07,3.61,3.50,3.71,3.65,3.65,3.59,3.53,3.57,3.61,3.72,3.67,3.71,3.44,3.56,3.61
201310,7759,1,23,13,3.23,3.69,3.31,3.00,3.31,2.91,2.85,3.00,3.23,3.23,3.15,3.23,3.08,3.00,3.08,3.31,3.31,3.31,3.08,2.92,3.23
201310,0238,1,31,10,2.80,3.80,2.90,2.40,3.60,3.00,3.00,2.80,3.50,3.00,3.50,3.38,3.33,3.43,3.20,3.56,3.11,3.33,2.89,3.10,3.22
201310,2930,1,34,18,3.61,3.94,3.44,3.11,3.72,3.56,3.50,3.56,3.56,3.53,3.72,3.56,3.67,3.82,3.56,3.78,3.56,3.61,3.11,3.11,3.17
201310,2930,1,30,16,3.75,3.94,3.63,3.63,3.50,3.06,3.56,3.56,3.75,3.56,3.75,3.75,3.44,3.73,3.60,3.81,3.75,3.69,3.44,3.38,3.44
201310,2930,1,35,22,3.55,3.86,3.55,3.18,3.36,3.11,3.55,3.36,3.57,3.36,3.86,3.71,3.59,3.69,3.71,3.91,3.77,3.73,3.27,3.23,3.50
201310,0733,1,33,18,3.56,3.89,3.61,3.56,3.89,3.44,3.61,3.39,3.39,3.47,3.67,3.78,3.22,3.82,3.50,3.83,3.89,3.89,3.11,3.17,3.28
201310,5939,1,8,2,3.50,4.00,3.50,4.00,3.50,3.00,4.00,4.00,3.50,4.00,4.00,4.00,4.00,4.00,4.00,4.00,4.00,4.00,4.00,4.00,4.00
201310,4919,1,30,14,3.43,3.93,3.50,3.21,3.43,2.55,3.43,2.57,2.29,2.55,3.07,3.21,2.43,2.83,2.29,3.07,2.71,2.36,2.43,2.29,2.14
201310,1301,1,35,18,3.44,3.89,3.33,2.94,3.39,3.39,3.44,3.50,3.44,3.56,3.61,3.67,3.56,3.77,3.50,3.78,3.56,3.67,3.39,3.44,3.44
201310,1374,1,20,9,3.56,3.89,3.67,3.67,3.89,3.38,3.78,3.56,3.22,3.22,3.44,3.00,3.00,3.17,3.25,2.78,3.33,3.44,3.44,2.67,3.11
201310,3127,1,40,29,3.57,3.82,3.68,3.43,3.64,3.44,3.82,3.86,3.93,3.75,4.00,3.86,3.93,3.76,3.89,3.89,3.79,3.82,3.57,3.57,3.57
201310,1374,2,123,60,3.52,3.90,3.38,3.07,3.65,3.47,3.04,2.71,3.48,2.80,3.28,3.22,3.23,3.09,3.02,3.13,3.11,2.96,2.41,3.18,3.04
201310,3788,2,31,26,3.65,3.85,3.65,3.65,3.81,3.50,3.69,3.81,3.73,3.60,3.88,3.73,3.65,3.79,3.54,3.69,3.81,3.62,3.27,3.58,3.62
201310,3788,2,31,31,3.55,3.77,3.45,3.58,3.81,3.41,3.58,3.81,3.64,3.39,3.90,3.68,3.52,3.61,3.74,3.77,3.81,3.58,3.48,3.48,3.39
201310,0352,2,22,13,3.31,3.77,3.62,3.46,3.54,3.58,3.46,2.85,3.46,3.00,3.08,3.54,3.23,3.56,3.00,3.38,3.46,3.23,3.15,2.92,2.92
201310,0352,2,33,19,3.53,3.63,3.26,3.11,3.47,3.26,3.32,2.84,3.58,2.83,3.16,3.63,3.05,3.42,2.95,3.47,3.32,3.05,2.63,2.53,2.63
201310,0516,2,33,19,3.28,3.74,3.21,3.00,3.79,3.17,3.58,3.37,3.21,3.63,3.42,2.63,2.79,3.50,2.84,3.05,2.74,3.11,3.26,3.21,3.16
201310,0516,2,33,20,3.15,3.65,3.15,2.70,3.60,3.21,3.35,2.90,3.10,3.05,3.30,2.50,2.35,3.55,2.28,2.60,2.65,2.70,3.00,2.80,3.10
201310,3279,2,34,23,3.59,3.86,3.41,3.41,3.59,3.00,3.64,3.45,3.73,3.64,3.86,3.50,3.55,3.50,3.67,3.77,3.73,3.73,3.50,3.64,3.68
201310,3279,2,32,14,3.43,4.00,3.50,3.36,3.64,3.33,3.64,3.36,3.86,3.57,3.86,3.71,3.57,3.90,3.36,3.93,3.64,3.43,3.14,3.21,3.57
201310,3127,2,38,22,3.77,3.86,3.77,3.55,3.91,3.68,3.73,3.77,3.91,3.86,3.95,3.91,3.95,3.80,3.76,4.00,3.86,3.86,3.55,3.73,3.73
201310,3127,2,36,24,3.63,3.88,3.71,3.71,3.79,3.62,3.46,3.46,3.58,3.58,3.67,3.58,3.54,3.60,3.79,3.79,3.67,3.79,3.33,3.50,3.54
201310,5303,2,22,17,3.77,3.77,3.82,3.71,3.82,3.50,3.88,3.77,3.88,3.82,3.88,3.59,3.47,3.67,3.59,3.82,3.71,3.65,3.71,3.53,3.71
201310,5303,2,27,21,3.62,3.95,3.76,3.48,3.86,3.42,3.57,3.43,3.57,3.55,3.76,3.00,3.05,3.13,3.19,3.62,3.19,3.33,3.43,3.14,3.38
201310,9641,2,26,13,3.46,3.77,3.15,3.23,3.54,3.67,3.62,3.54,3.62,3.38,3.54,3.46,3.38,3.56,3.46,3.85,3.69,3.69,3.69,3.54,3.62
201310,9641,2,20,14,3.43,3.64,3.43,3.29,3.64,3.71,3.43,3.43,3.57,3.57,3.43,3.57,3.50,3.75,3.50,3.71,3.50,3.57,3.57,3.21,3.57
201310,5108,2,29,21,3.29,3.71,3.43,3.38,3.57,3.45,3.81,3.76,3.62,3.62,3.76,3.52,3.29,3.71,3.30,3.71,3.67,3.38,3.29,3.38,3.38
201310,5108,2,31,24,3.50,3.79,3.42,3.54,3.63,3.57,3.79,3.71,3.75,3.58,3.92,3.58,2.79,3.79,3.59,3.71,3.83,3.67,3.29,3.42,3.67
201310,8245,2,32,32,3.53,3.84,3.38,3.34,3.69,3.32,3.38,3.00,3.28,3.06,3.41,3.09,2.97,3.45,3.00,3.13,3.31,3.25,2.87,3.06,3.38
201310,8245,2,31,29,3.52,3.76,3.38,3.41,3.69,3.14,3.07,2.97,3.28,3.03,3.39,3.21,3.03,3.14,2.82,3.38,3.45,3.17,2.65,3.00,3.31
201310,6163,2,32,29,3.35,3.97,3.48,3.25,3.79,2.88,3.52,2.97,2.83,3.07,3.69,3.50,3.21,3.00,3.00,3.59,3.52,3.48,2.79,2.97,3.21
201310,1120,2,22,11,3.73,3.82,3.91,3.64,3.91,3.64,3.91,3.91,3.73,3.73,3.91,3.45,3.73,3.80,3.82,3.82,3.82,3.82,3.64,3.64,3.73
201310,2240,3,30,15,3.33,3.53,3.13,3.00,3.20,2.64,3.40,3.40,3.67,3.47,3.73,3.47,3.47,3.25,3.40,3.60,3.60,3.40,3.27,3.53,3.47
201310,6882,3,13,8,3.75,3.75,3.13,3.50,3.63,3.29,3.88,3.88,3.75,3.38,4.00,3.75,3.88,3.38,3.71,3.63,3.63,3.63,3.75,3.38,3.50
201310,6882,3,27,13,3.85,3.85,3.38,3.23,3.69,3.69,3.92,3.85,3.92,3.77,3.92,3.77,3.69,3.75,3.69,3.85,3.85,3.85,3.92,3.46,3.62
201310,8035,3,23,16,3.44,3.63,3.06,2.81,3.56,3.29,3.19,3.13,3.63,3.31,3.81,3.63,3.56,3.67,3.33,3.69,3.69,3.56,3.13,3.38,3.19
201310,0733,3,35,30,3.40,3.87,3.53,3.30,3.53,3.28,3.37,3.27,3.31,3.40,3.87,3.77,3.47,3.39,3.37,3.77,3.77,3.83,3.27,3.47,3.40
201310,8269,3,29,21,3.38,3.62,3.14,3.05,3.43,3.18,3.76,3.71,3.86,3.62,3.86,3.71,3.71,3.50,3.62,3.81,3.76,3.67,3.62,3.71,3.67
201310,8269,3,32,23,3.61,3.74,3.61,3.57,3.74,3.60,3.78,3.74,3.91,3.91,4.00,3.91,3.78,3.81,3.83,3.96,3.87,3.78,3.70,3.74,3.70
201310,3332,3,28,17,3.41,3.88,3.69,3.41,3.77,3.41,3.18,3.29,3.29,2.94,3.35,3.35,3.23,3.57,3.18,3.23,3.59,3.06,3.00,3.41,3.41
201310,9361,3,35,31,3.68,3.84,3.39,3.42,3.81,3.52,3.64,3.61,3.71,3.48,3.84,3.84,3.77,3.58,3.81,3.81,3.68,3.61,3.42,3.64,3.58
201310,3332,4,25,12,3.75,3.83,3.75,4.00,3.83,3.44,3.45,3.67,3.44,3.83,3.42,3.33,3.58,3.43,3.33,3.50,3.60,3.27,3.67,3.36,3.50
201310,0216,4,19,9,3.89,3.89,3.78,3.78,3.78,3.71,3.67,3.67,3.67,3.78,3.78,3.78,3.44,3.67,3.88,3.78,3.78,3.67,3.78,3.44,3.56
201310,5458,4,10,7,4.00,4.00,3.86,3.86,4.00,3.86,3.71,4.00,3.57,4.00,3.86,3.71,3.71,4.00,3.86,3.50,3.71,3.86,3.86,3.86,3.86
201310,5623,4,14,7,3.43,3.86,3.29,3.43,3.57,3.57,3.00,2.57,2.29,2.86,2.86,2.83,2.00,3.17,1.83,2.86,2.71,2.71,2.86,2.71,2.71
201310,0216,4,19,5,3.60,4.00,4.00,3.80,4.00,3.60,3.80,3.80,3.80,4.00,3.80,3.80,3.80,4.00,3.80,4.00,3.80,3.80,3.80,3.80,3.80
201320,1301,1,35,13,3.45,3.92,3.67,3.00,3.67,3.30,3.08,3.08,2.67,3.20,3.58,3.42,3.25,3.78,3.00,3.92,3.83,3.67,3.17,2.75,3.00
201320,0238,1,31,13,3.31,3.77,3.50,3.08,3.77,3.20,3.00,3.08,3.54,3.54,3.31,3.15,3.33,3.75,3.15,3.50,3.08,3.31,3.00,3.23,3.38
201320,0238,1,33,16,3.38,3.88,3.50,3.06,3.50,3.13,3.50,3.13,3.38,3.44,3.31,3.56,3.38,3.60,3.31,3.50,3.25,3.44,3.25,3.19,3.44
201320,1301,1,32,13,3.38,3.62,3.23,3.23,3.31,3.31,3.23,3.38,3.15,3.38,3.69,3.77,3.69,3.67,3.31,3.69,3.62,3.62,3.31,3.23,3.38
201320,0238,1,30,9,3.22,4.00,2.89,3.00,3.44,3.38,3.11,3.11,3.44,3.38,3.33,3.56,3.44,3.67,3.00,3.56,3.33,3.00,2.78,3.22,3.00
201320,1301,1,33,12,3.08,3.67,3.33,2.92,3.00,2.80,3.00,2.83,2.92,2.92,3.42,3.58,3.42,3.30,2.83,3.67,3.58,3.58,2.92,2.92,2.83
201320,1301,1,33,18,3.33,3.72,3.56,3.17,3.44,3.31,3.11,3.28,3.22,3.18,3.67,3.56,3.44,3.60,3.33,3.89,3.83,3.67,3.23,3.39,3.39
201320,7759,1,25,11,3.40,3.90,3.80,3.40,3.70,3.11,2.64,2.64,3.18,2.82,2.82,3.18,3.30,2.25,2.55,2.91,3.18,2.55,2.82,2.82,3.00
201320,0238,1,31,17,3.59,3.82,3.65,3.47,3.65,3.67,3.41,3.35,3.53,3.59,3.59,3.59,3.53,3.63,3.23,3.71,3.59,3.47,3.47,3.47,3.53
201320,2930,1,25,14,3.29,3.86,3.36,3.00,3.57,3.07,3.31,3.14,3.21,3.36,3.43,3.43,3.29,3.55,3.07,3.64,3.57,3.43,2.79,2.71,2.93
201320,2930,1,31,15,3.53,3.67,3.47,3.00,3.60,3.21,3.53,3.07,3.47,3.67,3.80,3.60,3.67,3.75,3.07,3.73,3.53,3.60,2.93,2.67,2.93
201320,2930,1,34,17,3.29,3.77,3.19,3.29,3.53,3.38,3.53,3.47,3.65,3.53,3.81,3.59,3.59,3.67,3.65,3.77,3.77,3.71,3.41,3.41,3.65
201320,8245,1,22,22,3.50,3.86,3.45,3.23,3.59,3.11,3.09,3.23,3.23,3.14,3.41,3.59,3.45,3.56,3.18,3.59,3.41,3.32,3.05,2.95,3.23
201320,4919,1,19,6,3.17,4.00,3.50,3.33,3.33,2.83,3.20,3.33,3.17,3.33,3.17,3.00,2.83,3.25,2.83,3.00,3.20,3.20,3.00,2.80,2.60
201320,8245,1,31,31,3.55,3.93,3.33,3.32,3.61,3.45,3.45,3.29,3.42,3.39,3.55,3.64,3.39,3.64,3.23,3.61,3.57,3.48,3.29,3.42,3.53
201320,3127,1,24,19,3.26,3.58,3.26,3.21,3.37,3.16,3.42,3.32,3.47,3.21,3.74,3.63,3.68,3.50,3.32,3.84,3.79,3.63,3.42,3.26,3.32
201320,3127,1,25,23,3.52,3.96,3.57,3.52,3.61,3.30,3.96,3.96,4.00,3.74,4.00,3.96,3.96,3.75,4.00,4.00,3.91,3.96,3.83,3.91,3.87
201320,1374,2,130,30,3.40,4.00,3.75,2.97,3.90,3.36,2.86,2.63,3.57,2.95,3.20,3.60,3.52,3.88,3.23,3.63,3.50,3.27,2.50,3.38,3.31
201320,5458,2,30,18,3.44,4.00,3.83,3.44,3.89,3.06,3.89,3.44,3.22,3.12,3.39,2.78,2.39,3.50,2.67,2.78,3.44,3.33,3.33,2.61,2.89
201320,5458,2,16,10,3.80,4.00,3.80,3.70,4.00,3.78,3.60,3.90,3.60,3.56,3.80,3.10,2.90,3.90,3.10,3.60,4.00,3.70,3.80,3.80,3.70
201320,0352,2,28,14,3.50,3.54,3.43,3.43,3.71,3.00,3.57,3.36,3.64,3.43,3.86,3.93,3.71,3.75,3.21,3.79,3.86,3.64,3.50,3.43,3.50
201320,0352,2,31,14,3.64,3.86,3.57,3.71,3.93,3.82,3.71,3.57,3.71,3.14,3.79,3.86,3.57,3.75,3.29,3.64,3.64,3.43,3.50,3.21,3.50
201320,3127,2,45,42,3.60,3.86,3.56,3.33,3.86,3.41,3.67,3.69,3.83,3.76,3.90,3.81,3.83,3.77,3.88,3.85,3.83,3.79,3.36,3.64,3.71
201320,3127,2,34,31,3.50,3.64,3.61,3.32,3.77,3.33,3.74,3.64,3.87,3.71,3.90,3.61,3.74,3.74,3.90,3.93,3.74,3.84,3.58,3.71,3.81
201320,0516,2,33,16,3.38,3.75,3.56,3.19,3.69,3.13,3.31,2.88,3.06,3.31,3.13,2.69,2.31,2.91,2.25,2.56,2.69,2.63,2.88,2.75,2.94
201320,0516,2,35,19,3.37,3.68,3.68,2.89,3.68,2.81,3.37,3.16,3.11,3.42,2.95,2.05,1.95,3.08,2.16,2.42,2.42,2.32,2.89,2.58,2.84
201320,0516,2,34,22,3.27,3.73,3.38,2.81,3.45,3.40,3.36,3.14,3.09,3.05,3.41,2.68,2.76,3.27,2.36,3.00,2.77,3.05,3.00,2.91,3.23
201320,0334,2,28,14,3.43,3.71,3.36,3.07,3.43,3.54,3.62,3.64,3.79,3.62,3.86,3.57,3.64,3.67,3.50,3.79,3.21,3.64,3.50,3.21,3.43
201320,0334,2,30,14,3.23,3.62,2.85,3.08,3.46,3.09,3.38,3.69,3.92,3.85,3.85,3.92,3.85,3.70,3.54,3.77,3.62,3.69,3.62,3.62,3.69
201320,5303,2,26,19,3.61,3.89,3.72,3.44,3.78,3.33,3.61,3.78,3.89,3.67,3.89,3.78,3.72,3.85,3.84,3.84,3.74,3.74,3.74,3.74,3.63
201320,5303,2,28,20,3.65,3.95,3.55,3.45,3.70,3.26,3.85,3.85,3.85,3.80,3.90,3.70,3.45,3.73,3.45,3.75,3.50,3.65,3.65,3.35,3.55
201320,5108,2,30,23,3.61,3.74,3.65,3.83,3.70,3.43,3.61,3.43,3.48,3.40,3.52,3.35,3.09,3.43,3.26,3.22,3.39,3.35,3.27,3.22,3.43
201320,8245,2,26,26,3.58,3.77,3.38,3.35,3.58,3.70,3.38,3.46,3.62,3.38,3.81,3.73,3.54,3.71,3.36,3.81,3.77,3.69,3.38,3.46,3.69
201320,8245,2,31,31,3.60,3.90,3.30,3.37,3.53,3.60,3.37,3.27,3.50,3.27,3.63,3.63,3.57,3.65,3.46,3.73,3.77,3.47,3.13,3.33,3.43
201320,6163,2,31,24,3.75,3.88,3.42,3.71,3.50,3.58,3.79,3.75,3.46,3.54,3.83,3.78,3.71,3.54,3.52,3.75,3.79,3.71,3.50,3.42,3.63
201320,1120,2,25,6,3.83,4.00,3.67,3.67,3.50,3.33,4.00,3.50,3.83,3.50,3.83,3.67,3.67,4.00,3.67,3.67,3.67,3.67,3.50,3.33,3.50
201320,2240,3,30,20,3.50,3.70,3.25,3.30,3.65,3.35,3.45,3.50,3.60,3.50,3.75,3.50,3.45,3.18,3.50,3.65,3.35,3.40,3.40,3.60,3.45
201320,6882,3,25,4,3.75,4.00,3.75,4.00,3.75,3.75,3.75,3.75,3.75,3.50,3.75,3.75,3.75,2.75,3.50,4.00,4.00,4.00,4.00,4.00,4.00
201320,6882,3,28,11,3.60,3.91,3.18,3.64,3.45,3.27,3.55,3.64,3.82,3.55,3.91,3.55,3.36,3.78,3.09,3.55,3.55,3.64,3.36,3.36,3.55
201320,8035,3,27,15,3.60,4.00,3.50,4.00,3.36,3.55,3.45,3.45,3.64,3.45,3.64,4.00,3.73,3.40,3.60,3.80,3.71,3.67,3.47,3.47,3.47
201320,0733,3,34,30,3.35,3.59,3.07,3.38,3.45,3.21,3.10,2.65,2.83,2.83,3.48,3.62,2.93,3.17,2.79,3.55,3.52,3.41,2.93,2.93,2.90
201320,0733,3,36,22,3.59,3.64,3.05,3.36,3.27,3.39,3.27,3.14,3.10,3.23,3.45,3.50,3.14,3.36,3.27,3.64,3.64,3.41,3.09,3.18,3.33
201320,1449,3,41,17,3.77,3.94,3.53,3.41,3.47,3.12,3.77,3.77,3.71,3.65,3.77,3.53,3.53,3.33,3.65,3.77,3.71,3.65,3.77,3.59,3.59
201320,3332,3,35,17,3.63,3.94,3.63,3.25,3.63,3.43,3.31,3.25,3.25,3.31,3.69,3.50,3.25,3.50,3.33,3.44,3.56,3.38,3.31,3.63,3.44
201320,9361,3,32,25,3.64,3.88,3.72,3.68,3.88,3.48,3.64,3.72,3.84,3.72,3.96,4.00,3.96,4.00,3.96,3.96,3.88,3.88,3.64,3.72,3.72
201320,9361,3,22,13,3.54,3.62,3.23,3.46,3.85,3.75,3.77,3.77,3.62,3.50,3.85,3.92,3.85,3.92,3.85,4.00,3.92,3.92,3.77,3.77,3.77
201320,3332,4,23,6,4.00,4.00,4.00,4.00,4.00,4.00,3.80,3.40,3.40,4.00,3.80,3.40,3.20,3.75,3.40,3.80,4.00,3.60,4.00,3.60,3.80
201320,1374,4,17,6,4.00,3.83,4.00,4.00,4.00,3.83,3.67,3.33,3.00,2.00,3.67,3.67,2.67,3.17,2.67,2.83,2.50,2.50,3.00,2.67,2.60
201320,1374,4,22,4,3.75,4.00,4.00,3.50,4.00,3.25,4.00,3.50,3.75,3.25,4.00,3.50,3.50,3.50,3.50,3.75,4.00,4.00,3.75,3.50,4.00
201320,0216,4,22,13,3.92,4.00,4.00,3.92,4.00,3.83,3.85,3.92,3.92,3.92,3.85,4.00,3.92,4.00,3.75,4.00,4.00,3.92,3.92,3.92,3.92
201320,3788,4,22,14,3.92,4.00,3.93,3.86,4.00,4.00,3.71,3.71,3.29,3.75,3.57,3.86,3.50,3.79,3.50,4.00,3.85,3.93,3.86,3.86,3.54
201320,3788,4,19,3,4.00,4.00,4.00,4.00,4.00,4.00,4.00,4.00,4.00,4.00,4.00,4.00,4.00,4.00,4.00,4.00,4.00,4.00,4.00,4.00,3.67
201320,0216,4,21,9,3.89,4.00,3.89,3.78,3.89,3.78,3.67,3.78,3.78,3.75,3.89,4.00,3.89,3.80,3.63,3.89,3.89,3.78,3.89,3.78,3.78
201410,9641,1,31,7,3.57,4.00,3.57,3.43,3.43,3.17,3.71,3.43,3.71,3.43,3.43,3.29,3.29,3.67,3.14,3.43,3.43,3.43,3.43,3.71,3.71
201410,6882,1,31,17,3.53,3.77,3.35,3.35,3.50,3.29,3.88,3.82,3.59,3.71,3.88,3.35,3.12,3.27,3.23,3.29,3.53,3.41,3.59,3.23,3.35
201410,1301,1,31,10,3.50,3.90,3.60,3.50,3.70,3.44,3.70,3.70,3.60,3.50,3.90,3.80,3.70,3.63,3.80,3.80,3.90,3.90,3.80,3.70,3.70
201410,1301,1,32,14,3.57,3.79,3.86,3.21,3.86,3.77,3.21,3.14,3.36,2.93,3.71,3.64,3.57,3.50,3.29,3.79,3.57,3.79,3.50,3.50,3.57
201410,0238,1,30,13,3.69,3.69,3.69,2.69,3.62,3.00,3.38,3.08,3.62,3.31,3.38,3.38,3.54,3.20,3.38,3.77,3.54,3.69,3.08,3.08,3.23
201410,0238,1,31,10,3.50,3.80,3.50,3.30,3.70,3.22,3.20,3.10,3.80,3.30,3.60,3.60,3.60,3.71,3.40,3.90,3.30,3.30,2.90,2.80,3.10
201410,0238,1,28,7,3.29,3.43,3.29,2.71,3.29,3.43,3.14,3.14,3.29,3.29,3.14,3.14,3.14,3.29,3.29,3.29,3.14,3.29,3.14,3.29,3.57
201410,7759,1,27,14,3.43,4.00,3.54,3.07,3.64,2.90,3.14,3.08,3.21,3.29,3.14,3.36,3.07,2.13,2.50,3.36,3.14,2.93,3.15,2.93,3.00
201410,2930,1,25,13,3.77,3.69,3.77,3.62,3.85,3.62,3.77,3.62,3.62,3.69,3.92,4.00,3.77,3.73,3.42,3.85,3.85,3.85,3.62,3.54,3.54
201410,2930,1,32,14,3.71,3.64,3.71,3.29,3.71,3.40,3.36,3.21,3.43,3.07,3.64,3.50,3.36,3.64,3.14,3.71,3.50,3.64,3.07,3.00,3.21
201410,2930,1,32,9,3.56,3.78,3.56,3.33,3.67,3.25,3.56,3.56,3.67,3.44,3.78,3.78,3.67,3.63,3.56,3.78,3.67,3.67,3.67,3.56,3.44
201410,4445,1,29,25,3.36,3.80,3.32,3.24,3.28,2.84,3.36,3.44,3.44,3.36,3.64,3.60,3.64,3.52,3.17,3.80,3.68,3.52,3.40,3.52,3.28
201410,4445,1,32,25,3.52,3.68,3.12,3.40,3.68,3.15,3.60,3.60,3.76,3.64,3.88,3.76,3.84,3.56,3.80,3.92,3.80,3.88,3.72,3.75,3.72
201410,4919,1,29,11,3.55,4.00,3.45,3.18,3.64,3.00,3.64,3.45,3.18,3.27,3.64,3.64,3.45,3.29,2.91,3.55,3.64,3.36,3.36,3.27,3.64
201410,5623,1,32,21,3.29,4.00,3.70,3.43,3.76,3.22,3.24,2.90,2.38,3.05,3.48,3.48,2.62,3.45,2.95,3.67,3.33,3.38,3.10,2.90,2.71
201410,5623,1,31,21,3.60,3.80,3.55,3.25,3.65,3.40,3.16,3.40,3.05,3.35,3.35,3.65,3.10,3.54,3.10,3.60,3.50,3.35,3.25,3.20,3.35
201410,3127,1,44,35,3.71,3.97,3.71,3.38,3.89,3.65,3.86,3.83,3.86,3.89,3.94,3.86,3.94,3.87,3.94,3.94,3.94,3.91,3.83,3.86,3.86
201410,5458,2,122,53,3.51,3.89,3.72,3.06,3.70,3.50,3.64,2.94,3.17,2.74,3.38,2.74,2.70,3.12,2.77,2.85,2.98,3.02,2.50,3.09,3.15
201410,3788,2,31,29,3.65,3.86,3.45,3.48,3.72,3.52,3.41,3.55,3.55,3.41,3.69,3.69,3.59,3.55,3.55,3.83,3.79,3.57,3.41,3.55,3.57
201410,3788,2,32,30,3.50,3.80,3.53,3.40,3.60,3.28,3.37,3.57,3.53,3.36,3.77,3.60,3.41,3.48,3.67,3.93,3.87,3.70,3.47,3.70,3.67
201410,0352,2,31,18,3.72,3.94,3.56,3.22,3.89,3.73,3.50,2.61,3.06,3.11,3.17,3.11,2.72,3.33,2.17,3.23,3.28,2.78,2.50,2.11,2.67
201410,0352,2,31,17,3.71,4.00,3.53,3.59,4.00,3.50,3.47,3.18,3.47,3.41,3.29,3.41,3.00,3.20,2.65,3.29,3.65,3.06,3.00,2.59,3.12
201410,0516,2,28,12,3.58,3.92,3.42,3.33,3.83,3.27,3.25,2.67,3.00,3.00,3.08,2.67,2.25,2.56,2.25,2.67,2.33,2.50,2.50,2.67,2.75
201410,0516,2,28,14,3.57,3.86,3.50,2.79,3.64,3.31,3.00,2.57,3.36,2.86,2.79,2.36,2.07,3.11,2.14,2.50,2.21,2.50,2.54,2.71,2.71
201410,0516,2,27,15,3.13,3.67,3.33,2.73,3.47,2.92,3.27,3.07,3.53,3.20,3.13,2.80,2.60,2.75,2.60,2.87,2.67,2.80,3.00,2.87,3.20
201410,3127,2,33,29,3.72,3.72,3.69,3.35,3.65,3.45,3.79,3.79,3.83,3.76,3.97,3.83,3.90,3.65,3.86,3.90,3.79,3.90,3.76,3.86,3.72
201410,3127,2,36,30,3.57,3.97,3.72,3.50,3.70,3.38,3.70,3.77,3.77,3.63,3.93,3.70,3.77,3.64,3.85,3.90,3.77,3.80,3.73,3.60,3.73
201410,3127,2,32,24,3.70,3.96,3.68,3.46,3.83,3.35,3.50,3.50,3.79,3.50,3.96,3.75,3.71,3.60,3.74,3.88,3.67,3.75,3.50,3.58,3.70
201410,5303,2,25,14,3.79,3.64,3.79,3.36,3.57,3.36,3.57,3.64,3.43,3.64,3.79,3.57,3.00,3.46,3.46,3.85,3.62,3.77,3.46,3.15,3.54
201410,5303,2,25,13,3.77,3.85,3.77,3.62,3.85,3.46,3.62,3.77,3.92,3.77,3.92,3.46,3.23,3.50,3.31,3.38,3.38,3.58,3.62,3.31,3.54
201410,2280,2,27,24,3.54,3.75,3.58,3.46,3.63,3.28,3.71,3.54,3.58,3.58,3.71,3.67,3.38,3.62,3.25,3.71,3.50,3.67,3.52,3.21,3.30
201410,2280,2,23,21,3.52,3.86,3.52,3.24,3.71,3.52,3.62,3.43,3.57,3.52,3.38,3.48,3.38,3.53,3.29,3.48,3.29,3.33,3.14,3.10,3.19
201410,5458,2,30,13,3.15,3.85,3.62,3.31,3.69,2.92,3.54,3.77,3.31,3.17,3.31,2.77,2.77,3.54,2.85,3.00,3.54,2.77,3.31,2.62,3.08
201410,5458,2,24,13,3.54,3.85,3.38,3.62,3.62,3.17,4.00,3.85,3.69,3.67,3.54,2.85,2.69,3.62,3.42,3.15,3.77,3.54,3.69,3.62,3.54
201410,5108,2,30,17,3.88,3.94,3.77,3.59,3.77,3.88,3.94,3.88,3.77,3.88,3.94,3.88,3.82,3.75,3.82,3.94,3.77,3.88,3.77,3.77,3.65
201410,6163,2,28,26,3.62,3.88,3.42,3.54,3.73,3.25,3.69,3.65,3.85,3.50,3.96,3.69,3.69,2.79,3.69,3.85,3.85,3.85,3.31,3.58,3.58
201410,1120,2,26,16,3.81,3.94,4.00,3.81,3.94,3.42,3.88,3.88,3.81,3.81,3.88,3.88,3.88,3.78,3.81,3.81,3.94,3.81,3.75,3.81,3.94
201410,2240,3,24,15,3.47,3.53,3.33,3.13,3.67,3.09,3.67,3.67,3.73,3.67,4.00,4.00,4.00,3.67,3.67,3.93,3.93,3.93,3.60,3.60,3.67
201410,6882,3,27,12,3.33,3.92,2.83,3.08,3.50,3.33,3.67,3.17,3.42,3.33,3.50,2.83,2.75,3.30,2.67,3.17,3.17,3.00,3.25,2.83,2.83
201410,6882,3,23,9,3.56,3.78,3.11,3.78,3.33,2.89,4.00,3.78,3.78,3.89,3.89,3.44,3.11,3.75,3.67,3.56,3.44,3.56,3.78,3.56,3.22
201410,8345,3,31,16,3.11,3.00,2.67,2.67,3.00,2.71,3.00,2.78,3.22,2.89,3.33,3.78,3.33,2.25,3.00,3.81,3.56,3.63,3.19,3.63,3.63
201410,0733,3,28,27,3.69,3.67,3.37,3.56,3.59,3.40,3.30,3.41,3.18,3.41,3.78,3.96,3.56,3.71,3.50,3.85,3.89,3.82,3.54,3.67,3.56
201410,0733,3,26,26,3.52,3.50,3.28,3.46,3.35,3.48,3.50,3.35,3.35,3.50,3.84,3.85,3.50,3.35,3.42,3.85,3.85,3.77,3.35,3.38,3.38
201410,8269,3,33,16,3.69,3.81,3.56,3.06,3.81,3.31,3.63,3.06,3.69,3.38,3.56,3.63,3.56,3.70,3.31,3.69,3.69,3.56,3.25,3.13,3.44
201410,8269,3,34,12,3.50,3.83,3.08,3.58,3.67,3.36,3.92,3.67,3.83,3.42,3.92,4.00,3.75,4.00,3.50,3.92,3.83,3.75,3.58,3.25,3.50
201410,1449,3,26,19,3.79,3.95,3.95,3.68,3.95,3.74,4.00,4.00,3.95,3.79,4.00,3.89,3.89,3.81,3.89,3.89,3.89,3.89,3.84,3.89,3.89
201410,3332,3,26,11,3.27,3.82,3.55,2.82,3.73,3.00,3.36,2.82,3.00,3.27,3.09,3.00,3.00,3.50,2.64,3.09,3.18,2.82,2.73,2.82,2.91
201410,9361,3,29,27,3.56,3.67,3.67,3.48,3.85,3.27,3.56,3.78,3.70,3.56,3.89,3.89,3.70,3.92,3.81,3.89,3.93,3.85,3.70,3.85,3.70
201410,9361,3,26,20,3.45,3.70,3.50,3.45,3.80,3.00,3.50,3.55,3.95,3.60,3.90,3.80,3.85,3.75,3.60,3.80,3.80,3.70,3.50,3.65,3.70
201410,3332,4,23,16,3.56,3.75,3.75,3.50,3.81,3.29,3.50,3.44,2.87,2.86,3.00,2.81,1.88,3.11,2.75,2.87,3.21,3.00,3.60,3.13,3.33
201410,1374,4,16,8,4.00,4.00,3.88,4.00,4.00,3.88,4.00,4.00,3.75,4.00,3.88,3.88,3.75,4.00,4.00,3.88,3.75,3.75,3.88,3.88,4.00
201410,1374,4,17,11,3.82,4.00,3.82,3.73,3.91,3.09,3.91,3.73,3.55,3.45,3.82,3.18,3.36,3.40,3.64,3.55,3.64,3.64,3.64,3.36,3.36
201410,0216,4,15,15,3.53,3.87,3.80,3.47,3.67,3.21,3.40,3.47,3.53,3.46,3.87,3.80,3.53,3.92,3.53,3.80,3.73,3.73,3.60,3.47,3.73
201410,0216,4,21,20,3.75,3.95,3.80,3.90,3.85,3.40,3.75,3.80,3.85,3.77,3.80,3.95,3.50,3.93,3.80,3.95,3.90,3.85,3.80,3.45,3.80
201420,1301,1,34,17,3.47,3.88,3.71,3.29,3.71,3.14,3.47,3.29,3.23,3.12,3.77,3.82,3.47,3.55,3.47,3.82,3.59,3.65,3.57,3.57,3.50
201420,1301,1,34,16,3.63,3.81,3.50,3.31,3.81,3.38,3.38,3.44,3.38,3.20,3.69,3.81,3.81,3.83,3.53,3.81,3.69,3.75,3.38,3.31,3.46
201420,1301,1,35,15,3.67,4.00,3.87,3.67,3.80,3.46,3.13,3.27,2.53,3.27,3.80,3.87,3.80,3.90,3.20,3.87,3.53,3.67,2.92,3.33,3.25
201420,1301,1,35,18,3.65,3.71,3.53,3.65,3.69,3.81,3.50,3.61,3.22,3.33,3.78,3.78,3.72,3.77,3.50,3.83,3.78,3.89,3.56,3.56,3.50
201420,0238,1,30,15,3.33,3.87,3.33,2.60,3.80,3.29,3.40,3.07,3.13,3.47,3.33,3.33,3.13,3.50,3.07,3.67,3.20,3.27,3.07,3.07,3.21
201420,0238,1,36,16,3.73,3.75,3.50,3.31,3.81,3.36,3.38,3.25,3.44,3.31,3.38,3.27,3.38,3.58,3.19,3.63,3.31,3.31,3.33,3.53,3.60
201420,0238,1,37,20,3.50,3.75,3.40,2.90,3.75,3.44,3.45,3.40,3.55,3.65,3.55,3.50,3.15,3.33,3.25,3.75,3.45,3.45,3.56,3.44,3.56
201420,7759,1,27,13,3.85,3.85,3.69,3.69,3.92,3.33,3.46,3.15,3.46,3.38,3.54,3.08,3.38,2.75,3.23,3.62,3.46,3.31,3.25,3.33,3.50
201420,2930,1,29,27,3.56,3.82,3.33,2.85,3.56,3.21,3.44,3.22,3.44,3.52,3.78,3.70,3.18,3.64,3.37,3.67,3.59,3.63,3.00,3.32,3.36
201420,2930,1,33,31,3.64,3.77,3.32,3.29,3.55,3.26,3.58,3.26,3.68,3.45,3.74,3.64,3.48,3.58,3.42,3.84,3.68,3.74,3.46,3.50,3.63
201420,2930,1,33,30,3.57,3.80,3.23,3.47,3.33,3.55,3.70,3.57,3.77,3.50,3.93,3.90,3.73,3.83,3.60,3.93,3.83,3.80,3.47,3.60,3.63
201420,1448,1,36,9,3.89,4.00,3.89,3.89,3.78,3.88,3.78,3.56,3.67,3.56,3.67,3.56,3.67,3.43,3.56,3.78,3.56,3.56,3.67,3.33,3.44
201420,4919,1,33,13,3.23,4.00,3.46,2.77,3.62,2.60,2.77,2.54,2.69,3.00,3.23,2.69,2.69,3.40,2.31,3.00,2.92,2.62,2.64,2.55,2.91
201420,1448,1,34,16,3.44,3.81,3.56,3.19,3.69,3.21,3.44,3.31,3.31,3.44,3.75,3.25,3.00,3.57,3.19,3.56,3.56,3.63,3.38,3.15,3.08
201420,6129,1,32,13,3.31,3.85,3.38,2.85,3.46,3.00,3.00,2.92,2.92,3.31,3.31,3.54,3.31,3.25,3.00,3.46,3.46,3.46,2.86,3.14,3.29
201420,3127,1,39,32,3.78,3.81,3.47,3.53,3.64,3.57,3.75,3.75,3.88,3.75,3.97,3.88,3.94,3.78,3.88,3.94,3.88,3.94,3.55,3.84,3.81
201420,3127,1,39,37,3.60,3.87,3.60,3.57,3.68,3.50,3.73,3.73,3.92,3.70,3.92,3.84,3.84,3.85,3.78,3.89,3.78,3.89,3.57,3.54,3.54
201420,1374,2,248,27,3.63,3.90,3.93,3.73,3.89,3.72,3.08,2.69,3.48,2.79,2.47,2.85,3.00,3.44,3.00,2.96,3.13,2.92,0.00,0.00,0.00
201420,1374,2,122,43,3.50,4.00,3.88,3.94,3.92,3.60,3.15,2.92,3.40,2.87,2.91,2.74,2.94,3.50,3.10,2.88,3.17,3.12,2.97,3.03,3.27
201420,3788,2,35,32,3.50,3.81,3.58,3.66,3.88,3.27,3.34,3.31,3.34,3.07,3.69,3.25,3.13,3.42,3.13,3.47,3.56,3.44,3.29,3.36,3.19
201420,3788,2,36,34,3.65,3.68,3.41,3.59,3.79,3.68,3.27,3.62,3.59,3.29,3.79,3.77,3.59,3.55,3.77,3.85,3.82,3.62,3.36,3.45,3.55
201420,0352,2,35,23,3.70,3.87,3.74,3.22,3.83,3.21,3.04,2.96,3.17,2.91,3.35,3.41,3.22,3.18,2.57,3.41,3.41,3.18,3.14,2.57,3.10
201420,0352,2,33,14,3.50,3.71,3.36,3.00,3.57,2.92,3.14,2.57,2.93,2.86,3.14,3.14,2.79,3.29,2.50,3.36,3.21,3.21,2.80,2.30,2.90
201420,0516,2,32,27,3.44,3.59,3.48,3.07,3.70,2.92,3.44,3.30,3.33,3.41,3.48,3.00,2.96,3.41,3.11,3.18,3.15,3.30,3.25,3.29,3.17
201420,0516,2,33,22,3.55,3.86,3.64,3.18,3.73,3.31,3.55,3.50,3.59,3.50,3.36,3.18,3.05,3.25,2.95,3.18,2.91,3.23,3.23,3.18,3.41
201420,0516,2,31,20,3.42,3.84,3.47,3.00,3.84,3.29,3.26,2.89,3.21,3.05,3.21,3.06,3.00,3.57,2.37,2.84,2.53,2.79,2.88,2.63,3.06
201420,4445,2,34,31,3.74,3.90,3.29,3.61,3.55,3.20,3.68,3.68,3.90,3.84,3.90,3.87,3.90,3.82,3.90,3.97,3.90,3.87,4.00,4.00,4.00
201420,4445,2,30,25,3.72,3.72,3.16,3.36,3.52,3.41,3.72,3.80,3.80,3.72,3.88,3.80,3.84,3.74,3.72,3.84,3.80,3.76,4.00,4.00,4.00
201420,3127,2,39,36,3.81,3.86,3.80,3.58,3.92,3.56,3.78,3.78,3.92,3.78,3.89,3.97,3.89,3.80,3.86,3.97,3.86,3.94,3.64,3.81,3.77
201420,5303,2,24,17,3.65,3.65,3.65,3.53,3.53,3.14,3.71,3.47,3.71,3.47,3.71,3.41,3.18,3.33,3.29,3.53,3.41,3.47,3.23,3.12,3.41
201420,5303,2,29,26,3.54,3.92,3.69,3.16,3.62,3.13,3.65,3.08,3.08,3.54,3.23,2.92,2.15,3.22,2.62,2.73,2.88,2.73,2.83,2.91,2.78
201420,2280,2,30,25,3.52,3.92,3.58,3.29,3.71,2.81,3.64,3.48,3.56,3.24,3.52,3.60,3.52,3.80,3.40,3.76,3.44,3.60,3.00,4.00,4.00
201420,2280,2,25,20,3.55,3.60,3.80,3.25,3.80,3.06,3.60,3.25,3.75,3.65,3.65,3.60,3.60,3.73,3.45,3.90,3.65,3.55,3.44,3.50,3.33
201420,5303,2,25,23,3.30,3.91,3.64,3.35,3.57,3.05,3.55,3.52,3.48,3.61,3.35,2.96,2.74,3.06,3.17,2.96,3.13,3.09,3.17,3.17,3.22
201420,1120,2,31,15,3.80,3.67,3.80,3.60,3.73,3.57,3.73,3.67,3.67,3.33,3.73,3.60,3.67,3.45,3.67,3.67,3.73,3.73,3.62,3.62,3.77
201420,5108,2,32,19,3.42,4.00,3.47,3.53,3.63,3.32,3.84,3.79,3.74,3.37,3.74,3.56,3.37,3.63,3.47,3.68,3.79,3.74,3.38,3.23,3.31
201420,6163,2,28,26,3.65,3.92,3.35,3.58,3.58,3.31,3.85,3.62,3.50,3.46,3.85,3.73,3.50,2.64,3.38,3.77,3.77,3.65,3.30,3.43,3.65
201420,5108,2,30,15,3.47,3.93,3.53,3.53,3.47,3.20,3.87,3.80,3.80,3.67,3.87,3.53,3.33,3.53,3.40,3.80,3.73,3.80,3.69,3.54,3.62
201420,5458,2,31,28,3.56,3.96,3.61,3.43,3.68,3.29,3.79,3.68,3.64,3.46,3.64,3.25,2.96,3.82,3.35,3.50,3.75,3.46,3.50,3.31,3.42
201420,5458,2,31,29,3.43,3.90,3.65,3.41,3.79,3.14,3.90,3.72,3.83,3.48,3.69,2.93,2.83,3.50,3.00,3.14,3.71,3.61,3.56,3.52,3.56
201420,2240,3,32,16,3.31,3.56,3.44,3.13,3.50,3.50,3.31,3.13,3.88,3.75,3.88,3.69,3.75,3.64,3.33,3.75,3.69,3.56,3.27,3.36,3.45
201420,6882,3,32,20,3.55,3.70,3.50,3.25,3.70,3.26,3.65,3.20,3.15,3.45,3.75,2.95,2.60,3.31,2.20,2.95,3.10,2.90,3.22,2.67,2.89
201420,0283,3,30,14,3.67,3.83,4.00,3.50,3.83,2.40,2.33,2.17,2.00,2.50,3.17,2.50,2.83,0.00,2.50,3.14,2.71,2.71,2.64,3.00,2.91
201420,8345,3,23,11,3.67,3.67,3.67,3.17,3.50,3.60,3.17,3.33,3.67,3.50,3.50,3.50,3.50,3.50,3.17,3.73,3.73,3.73,3.22,3.56,3.67
201420,0733,3,32,9,3.89,3.89,3.56,3.78,4.00,3.75,3.33,3.78,3.67,3.67,3.78,3.89,3.33,3.57,3.44,3.89,3.89,3.67,3.14,3.29,3.43
201420,0733,3,31,13,3.46,3.62,3.46,3.31,3.69,3.00,3.31,3.38,3.15,3.38,3.62,3.69,3.46,2.89,3.42,3.69,3.77,3.38,3.64,3.36,3.36
201420,8269,3,34,34,3.38,3.73,3.23,2.94,3.50,2.97,3.71,3.59,3.68,3.45,3.53,3.44,3.44,3.50,3.06,3.56,3.50,3.38,3.38,3.34,3.53
201420,3332,3,28,13,3.38,3.92,3.85,3.31,3.92,3.33,3.69,3.62,3.85,3.62,3.62,3.62,3.38,3.00,3.25,3.54,3.54,3.38,3.42,3.58,3.33
201420,9361,3,32,19,3.63,3.84,3.47,3.37,3.79,3.57,3.42,3.58,3.79,3.44,3.84,3.79,3.79,3.78,3.58,3.89,3.95,3.95,3.69,3.63,3.81
201420,9361,3,31,22,3.14,3.86,3.33,3.09,3.59,3.30,2.95,3.09,3.41,3.23,3.64,3.50,3.36,3.33,3.23,3.73,3.59,3.68,3.19,3.05,3.05
201420,3332,4,27,10,3.80,3.90,3.70,3.70,3.70,3.50,3.30,3.20,2.70,3.50,3.00,2.80,2.50,3.50,2.44,3.10,3.30,3.00,3.22,3.33,3.11
201420,0216,4,40,3,3.67,4.00,3.67,3.67,3.67,3.33,3.67,3.67,4.00,4.00,4.00,3.67,3.67,3.00,3.67,4.00,3.67,3.67,0.00,0.00,0.00
201420,0216,4,21,12,3.67,3.92,3.67,3.55,3.67,3.50,3.50,3.73,3.75,3.50,3.75,3.67,3.42,4.00,3.83,3.92,3.82,3.92,3.67,3.67,3.44
201420,6882,4,40,4,3.50,4.00,3.50,3.75,3.75,4.00,3.75,3.75,2.75,3.50,3.50,3.67,3.50,3.50,3.50,3.75,3.50,3.50,0.00,0.00,0.00
201420,6882,4,21,8,4.00,4.00,4.00,4.00,4.00,3.75,3.88,3.88,3.75,3.38,3.88,3.88,3.75,3.67,3.75,3.88,3.75,3.75,3.83,3.67,3.67
201420,1374,4,38,3,3.33,4.00,4.00,4.00,4.00,3.33,2.33,1.67,1.33,1.00,1.00,0.00,0.00,0.33,0.33,0.33,0.67,0.00,0.00,0.00,0.00
201420,1374,4,21,5,3.75,4.00,4.00,3.80,4.00,3.80,2.40,2.40,2.00,2.20,3.00,2.40,1.80,2.40,2.00,2.20,2.40,2.20,2.40,2.20,2.20
201420,6882,4,40,3,4.00,4.00,4.00,4.00,4.00,3.67,4.00,4.00,3.67,3.67,4.00,4.00,4.00,4.00,3.67,4.00,4.00,4.00,0.00,0.00,0.00
201420,6882,4,21,8,3.75,3.88,4.00,3.50,4.00,3.75,4.00,3.88,3.75,3.75,3.88,3.50,3.38,3.83,3.63,3.50,3.63,3.88,3.67,3.50,3.67
201420,0216,4,38,0,0.00,0.00,0.00,0.00,0.00,0.00,0.00,0.00,0.00,0.00,0.00,0.00,0.00,0.00,0.00,0.00,0.00,0.00,0.00,0.00,0.00
201420,0216,4,20,9,3.56,3.67,3.67,3.78,3.78,3.56,3.67,3.89,3.67,3.57,3.67,3.78,3.56,4.00,3.78,3.67,3.78,3.78,3.50,3.50,3.25
201510,1301,1,36,18,3.67,3.83,3.50,3.06,3.56,2.83,3.18,3.29,3.23,3.18,3.82,3.59,3.47,3.58,3.44,3.82,3.59,3.77,3.47,3.59,3.53
201510,1301,1,35,14,3.38,3.71,3.36,2.71,3.77,3.40,3.29,3.07,3.00,3.33,3.50,3.71,3.64,3.64,3.23,3.93,3.71,3.64,3.23,3.36,3.36
201510,1301,1,36,14,3.71,3.93,3.71,3.21,3.86,3.50,3.43,3.43,3.43,3.62,3.86,3.79,3.79,3.83,3.38,3.93,3.77,3.64,3.36,3.46,3.14
201510,7759,1,31,8,3.38,3.88,3.13,3.13,3.63,3.67,3.00,3.13,3.50,2.88,3.13,3.25,3.38,3.33,2.88,3.50,3.25,3.13,3.00,3.38,3.38
201510,0238,1,32,15,3.33,3.87,3.33,2.71,3.80,3.46,3.27,2.93,3.60,3.33,3.40,3.33,3.40,3.75,2.93,3.53,3.07,3.53,2.93,3.07,3.20
201510,0238,1,34,12,3.55,3.91,3.27,3.09,3.73,3.44,3.42,3.42,3.58,3.58,3.33,3.42,3.50,3.38,3.55,3.92,3.67,3.75,3.50,3.67,3.58
201510,0238,1,35,19,3.26,3.79,3.26,3.00,3.74,3.41,3.32,3.26,3.68,3.53,3.37,3.63,3.58,3.69,3.05,3.39,3.33,3.44,3.06,3.22,3.28
201510,2930,1,31,9,3.00,3.89,2.78,2.22,3.44,2.75,3.56,3.33,3.44,3.22,3.78,3.56,3.44,3.75,2.89,3.67,3.67,3.56,3.33,2.89,3.33
201510,2930,1,34,15,3.60,3.80,3.67,3.33,3.86,3.29,3.60,3.53,3.60,3.60,3.73,3.67,3.60,3.60,3.40,3.60,3.47,3.53,3.20,3.07,3.27
201510,2930,1,34,19,3.74,3.79,3.47,3.26,3.74,3.42,3.79,3.74,3.74,3.74,3.95,3.89,3.79,3.93,3.63,3.84,3.74,3.79,3.68,3.68,3.63
201510,2301,1,29,15,3.07,3.60,3.27,3.00,3.53,3.00,3.47,3.13,3.20,3.40,3.07,3.20,3.00,3.44,2.53,3.13,2.93,2.87,2.67,2.93,2.80
201510,2301,1,34,15,3.40,3.87,3.73,3.33,3.73,3.31,3.40,3.27,3.47,3.47,3.53,3.60,3.47,3.64,2.80,3.60,3.53,3.20,3.13,2.73,3.20
201510,4919,1,32,8,3.50,4.00,3.13,3.13,3.88,3.00,3.00,2.38,2.75,3.00,3.00,3.13,3.00,3.00,2.13,3.50,2.63,2.88,2.25,2.13,2.63
201510,7759,1,32,16,3.75,3.94,3.69,3.25,3.94,3.62,3.63,3.50,3.44,3.31,3.13,3.44,3.38,3.00,3.19,3.56,3.56,3.31,3.44,3.50,3.44
201510,6882,1,33,9,3.56,3.89,3.44,3.44,3.78,2.56,3.67,3.44,3.89,3.44,3.89,3.33,2.89,3.43,3.33,3.00,3.11,3.44,2.89,2.78,3.00
201510,6882,1,34,13,3.46,3.77,3.23,3.31,3.38,2.92,3.77,3.38,3.54,3.38,3.85,3.23,3.08,3.00,3.31,3.54,3.69,3.54,3.46,3.38,3.23
201510,1301,1,31,16,3.80,3.80,3.93,3.60,3.73,3.46,3.47,3.27,3.47,3.53,3.80,3.60,3.67,3.71,3.47,3.80,3.73,3.73,3.47,3.60,3.47
201510,3127,1,40,35,3.74,3.97,3.54,3.57,3.71,3.73,3.86,3.91,3.89,3.77,4.00,3.97,3.94,3.79,4.00,3.91,3.91,3.89,3.74,3.77,3.71
201510,1374,2,115,15,3.27,3.00,3.36,3.00,3.60,2.56,2.36,2.20,2.93,2.33,2.29,1.50,1.60,2.33,2.21,2.18,2.00,2.17,1.64,2.50,2.57
201510,3788,2,35,27,3.81,4.00,3.69,3.31,3.81,3.32,3.46,3.31,3.38,3.15,3.69,3.69,3.38,3.50,3.11,3.52,3.56,3.44,2.89,3.00,3.11
201510,3788,2,32,29,3.62,3.83,3.57,3.35,3.65,3.12,3.45,3.35,3.41,3.17,3.79,3.52,3.38,3.53,3.21,3.59,3.55,3.38,3.21,3.35,3.46
201510,0352,2,34,12,3.75,3.67,3.33,3.42,3.75,3.09,3.67,3.50,3.92,3.50,3.75,3.58,3.50,3.60,3.50,3.75,3.67,3.67,3.67,3.42,3.58
201510,0352,2,34,9,3.78,3.67,3.44,3.22,3.67,3.25,3.22,3.22,3.56,3.22,3.33,3.44,3.22,2.75,3.44,3.67,3.56,3.44,3.44,3.44,3.44
201510,5458,2,30,10,3.80,4.00,3.60,3.50,3.90,2.78,3.90,3.70,3.60,3.78,3.90,3.60,3.70,3.40,3.89,3.70,3.90,3.80,3.70,3.70,3.60
201510,0516,2,31,16,3.40,3.87,3.60,3.13,3.67,2.85,3.56,3.38,3.50,3.38,3.50,3.19,3.38,3.45,3.00,3.50,3.31,3.38,3.25,3.25,3.19
201510,0516,2,31,13,3.77,3.77,3.62,3.23,3.85,3.45,3.83,3.23,3.38,3.38,3.38,2.85,2.08,3.88,2.58,2.85,3.15,3.31,3.38,3.08,3.38
201510,0516,2,30,20,3.35,3.65,3.47,3.40,3.90,2.94,3.35,3.55,3.65,3.70,3.60,3.30,3.45,3.54,3.35,3.35,3.10,3.30,3.20,3.45,3.60
201510,4445,2,30,28,3.78,3.86,3.75,3.46,3.82,3.27,3.86,3.82,3.93,3.96,3.93,3.93,3.93,3.77,3.93,3.96,3.96,3.96,3.71,3.82,3.86
201510,4445,2,30,29,3.90,3.90,3.69,3.52,3.68,3.57,3.83,3.86,3.97,3.90,4.00,3.97,4.00,3.96,4.00,4.00,4.00,3.97,3.76,3.86,3.83
201510,3127,2,35,30,3.83,3.83,3.83,3.43,3.87,3.21,3.60,3.47,3.40,3.43,3.83,3.60,3.70,3.72,3.67,3.80,3.60,3.90,3.43,3.63,3.60
201510,3127,2,41,37,3.43,3.87,3.35,3.38,3.68,3.12,3.62,3.60,3.81,3.62,3.81,3.70,3.70,3.76,3.78,3.89,3.73,3.76,3.68,3.62,3.68
201510,9641,2,27,15,3.73,3.80,3.87,3.47,3.87,3.33,3.33,3.00,3.33,3.53,3.47,3.50,3.27,3.44,3.21,3.47,3.07,3.53,3.20,2.80,3.13
201510,9641,2,30,12,3.27,3.55,3.55,3.18,3.73,3.43,3.00,2.73,3.00,3.36,3.18,3.20,2.55,3.83,2.73,3.36,2.91,3.09,2.82,2.55,2.55
201510,2280,2,27,22,3.41,3.77,3.59,3.05,3.77,2.89,3.41,3.38,3.50,3.41,3.45,3.50,3.32,3.69,3.27,3.68,3.59,3.55,3.32,3.32,3.36
201510,2280,2,29,19,3.58,3.89,3.58,3.32,3.63,3.29,3.58,3.42,3.58,3.58,3.47,3.58,3.53,3.77,3.32,3.63,3.42,3.47,3.47,3.32,3.37
201510,7962,2,20,7,3.71,4.00,3.43,3.43,3.71,3.57,3.57,3.43,3.14,3.29,3.43,3.71,3.57,3.75,3.00,3.57,3.14,3.57,3.14,3.14,2.86
201510,5458,2,30,12,3.67,3.92,3.92,3.67,3.83,3.60,3.83,3.83,3.75,3.60,3.58,3.08,2.75,3.83,3.09,2.83,3.75,3.00,3.33,3.00,3.42
201510,1448,2,32,19,3.17,4.00,3.44,2.94,3.61,3.00,2.65,2.12,1.78,1.82,3.39,2.83,1.94,2.62,1.72,2.56,2.50,2.50,1.83,1.83,2.17
201510,1448,2,28,9,3.67,3.89,3.67,3.44,3.89,3.00,3.56,2.67,2.00,2.57,3.44,3.11,2.00,2.38,2.22,3.22,3.22,2.78,2.22,2.11,2.56
201510,6163,2,27,23,3.61,3.91,3.48,3.43,3.74,3.67,3.78,3.70,3.78,3.48,3.96,3.87,3.74,2.92,3.64,3.91,3.91,3.87,3.52,3.61,3.83
201510,1448,2,35,21,3.24,3.67,3.43,2.62,3.70,3.21,2.65,1.86,1.14,1.93,3.38,2.52,1.33,2.83,1.35,2.81,2.43,2.57,1.81,1.81,2.00
201510,1448,2,26,8,3.13,3.63,3.25,3.00,3.25,2.63,3.50,3.00,2.50,2.50,3.88,2.88,2.25,3.50,2.50,3.50,3.50,3.13,2.38,2.50,2.63
201510,2240,3,33,11,3.55,3.64,3.36,3.18,3.64,3.36,3.64,3.55,3.64,3.45,3.73,3.36,3.36,3.50,3.27,3.45,3.55,3.64,3.36,3.45,3.45
201510,2937,3,30,27,3.26,3.48,3.18,3.07,3.78,3.08,3.48,3.33,3.70,3.41,3.52,3.78,3.59,3.50,3.15,3.85,3.82,3.63,3.44,3.26,3.33
201510,2937,3,30,26,3.12,3.46,3.00,2.88,3.69,2.96,3.31,3.15,3.50,3.12,3.54,3.77,3.31,3.61,3.08,3.73,3.69,3.54,3.15,2.96,3.12
201510,8345,3,28,9,3.00,3.60,2.20,2.60,2.60,4.00,3.20,3.00,3.60,3.20,3.80,3.80,3.80,4.00,2.80,3.89,3.56,3.67,3.00,3.11,3.33
201510,8035,3,21,6,4.00,4.00,3.50,4.00,4.00,4.00,3.80,4.00,4.00,4.00,4.00,3.67,3.80,3.67,3.60,4.00,4.00,3.80,3.80,4.00,3.80
201510,9701,3,11,7,3.71,3.71,3.43,3.14,3.57,3.67,3.57,3.43,3.71,3.14,3.86,3.86,3.57,4.00,3.43,3.86,3.86,3.57,3.43,3.29,3.57
201510,9701,3,15,6,3.50,3.67,3.33,3.17,3.17,3.20,3.17,2.83,3.33,3.33,3.33,3.33,2.83,3.50,3.00,3.67,3.00,3.00,2.67,3.00,2.83
201510,8269,3,28,12,3.75,3.83,3.67,3.42,3.67,3.45,3.58,3.58,3.33,3.75,3.42,3.75,3.58,3.71,3.42,3.42,3.50,3.50,3.67,3.50,3.58
201510,8269,3,33,18,3.78,3.83,3.78,3.72,3.78,3.27,3.78,3.78,3.94,3.78,4.00,3.89,3.89,3.92,3.89,3.94,3.94,3.78,3.61,3.67,3.72
201510,1449,3,31,13,3.62,3.92,3.00,3.31,3.38,3.09,4.00,3.54,3.54,3.54,3.77,3.54,3.54,3.40,3.46,3.62,3.62,3.62,3.62,3.46,3.46
201510,3912,3,30,13,3.54,3.85,3.54,3.31,3.62,3.23,3.33,3.23,2.62,3.00,3.54,3.69,3.15,2.50,2.92,3.77,3.62,3.46,3.46,3.38,3.46
201510,3332,3,28,14,3.71,3.86,3.64,3.71,3.93,3.67,3.43,3.64,3.71,3.57,3.79,3.71,3.29,3.60,3.43,3.50,3.93,3.64,3.50,3.71,3.64
201510,9361,3,28,23,3.74,3.87,3.61,3.39,3.87,3.43,3.61,3.74,3.87,3.70,3.91,3.96,3.87,3.89,3.90,4.00,4.00,3.96,3.78,3.91,3.74
201510,9361,3,24,22,3.55,3.64,3.36,3.45,3.73,3.05,3.64,3.73,3.82,3.55,3.86,3.86,3.68,3.69,3.77,3.91,4.00,3.73,3.55,3.73,3.73
201510,3332,4,16,11,4.00,3.91,3.82,3.91,4.00,3.56,3.64,3.64,2.91,3.71,3.45,3.18,3.00,3.57,3.27,3.18,3.73,3.36,3.55,3.09,3.50
201510,1374,4,22,8,3.63,4.00,3.88,3.88,4.00,3.38,4.00,3.88,3.25,3.57,3.63,3.63,3.25,3.67,3.38,3.50,3.63,3.63,3.63,3.38,3.38
201510,0216,4,24,23,3.22,3.96,3.65,3.61,3.78,3.11,3.30,3.26,2.96,3.17,3.52,3.57,3.26,3.31,3.09,3.74,3.48,3.43,3.30,2.87,3.23
201510,0216,4,22,22,3.55,3.76,3.50,3.50,3.59,3.15,3.18,3.09,3.00,3.35,3.41,3.71,2.91,3.17,3.10,3.77,3.57,3.50,3.32,3.09,3.27
201520,1301,1,35,7,3.43,3.14,3.43,3.14,3.67,3.14,3.14,3.00,3.00,2.71,3.71,3.43,3.29,3.75,3.00,3.71,3.29,3.29,3.00,3.00,3.29
201520,1301,1,35,11,3.40,4.00,3.60,3.10,3.70,3.78,3.10,3.30,3.30,3.22,3.60,3.60,3.60,4.00,3.50,3.80,3.40,3.90,3.30,3.50,3.30
201520,1301,1,35,12,3.50,3.58,3.17,3.33,3.50,3.67,3.25,3.58,3.17,3.08,3.75,3.75,3.75,3.55,3.50,3.75,3.67,3.92,3.33,3.67,3.67
201520,1375,1,32,11,3.36,3.73,3.55,3.18,3.82,2.89,2.82,2.73,3.27,3.27,3.36,3.55,3.45,3.29,2.91,3.55,3.36,3.09,2.73,2.91,3.18
201520,1375,1,36,18,2.89,3.78,3.50,2.67,3.67,2.67,2.61,2.06,2.11,2.61,2.89,2.67,2.44,2.11,2.06,2.83,2.83,2.61,2.28,2.17,2.50
201520,1375,1,33,11,3.45,3.64,3.27,2.91,3.55,3.11,3.18,2.91,3.27,3.00,3.64,3.45,3.55,3.60,3.18,3.55,3.27,3.00,2.91,3.18,3.00
201520,2930,1,32,10,3.10,3.70,3.11,2.80,3.40,2.00,2.90,2.60,3.20,2.80,3.40,2.90,3.00,3.38,2.70,3.40,3.00,3.30,2.80,2.80,2.90
201520,8683,1,34,10,3.50,3.80,3.80,2.90,3.70,3.57,3.50,3.40,3.70,3.00,3.80,3.40,3.60,3.67,3.80,3.60,3.60,3.70,3.10,3.20,3.50
201520,2930,1,33,12,3.55,3.73,3.45,2.73,3.82,3.36,3.33,3.00,3.25,3.17,3.92,3.58,3.00,3.44,3.17,3.83,3.33,3.67,3.08,2.83,3.08
201520,2301,1,34,33,3.24,3.82,3.27,3.21,3.36,2.93,3.39,2.91,3.33,3.03,3.33,3.33,3.24,3.26,2.72,3.55,3.34,3.00,3.00,2.79,3.06
201520,2301,1,33,30,3.00,3.70,2.97,2.73,3.47,2.68,3.23,2.80,3.13,3.03,3.13,3.07,2.80,3.17,2.30,3.07,2.97,2.90,2.73,2.60,2.87
201520,6882,1,36,23,3.13,3.87,3.04,2.96,3.39,2.73,3.78,3.35,3.13,3.43,3.74,2.83,2.74,3.18,2.78,3.26,3.30,3.39,3.09,2.83,3.22
201520,6882,1,36,28,3.04,3.79,3.21,3.18,3.54,2.84,3.61,3.43,3.36,3.44,3.64,2.96,2.89,3.28,2.89,3.11,3.32,2.93,3.25,2.71,2.96
201520,7759,1,29,9,3.44,3.89,3.22,2.89,3.44,2.88,2.89,3.11,3.33,2.89,3.33,3.44,3.11,3.67,2.67,3.44,3.22,3.22,2.89,3.00,3.44
201520,4919,1,31,9,3.22,3.78,2.78,2.78,3.22,2.57,3.56,3.56,3.44,3.56,3.33,3.44,3.44,3.75,3.00,3.56,3.56,3.56,3.56,2.78,3.44
201520,8683,1,20,9,3.44,4.00,3.33,3.22,3.56,3.13,3.22,2.89,3.33,3.11,3.89,3.33,3.11,3.67,3.44,3.67,3.56,3.44,3.00,3.33,3.44
201520,1301,1,35,9,3.00,3.22,3.22,3.00,3.00,2.44,3.11,3.00,3.33,3.00,3.44,3.56,3.56,3.75,3.11,3.56,3.44,3.44,3.00,3.00,3.00
201520,3127,1,36,33,3.69,3.82,3.42,3.48,3.55,3.54,3.82,3.70,3.88,3.70,3.88,3.79,3.82,3.59,3.82,3.85,3.79,3.82,3.58,3.73,3.75
201520,1375,1,32,10,3.30,4.00,3.50,2.60,3.70,3.25,2.40,2.40,2.50,2.60,2.50,2.80,2.70,2.60,2.30,3.00,3.10,2.60,2.80,3.00,3.00
201520,3127,1,45,44,3.66,3.91,3.54,3.39,3.61,3.37,3.82,3.86,3.95,3.73,3.98,3.86,3.93,3.68,3.95,4.00,3.91,3.93,3.72,3.79,3.81
201520,1374,2,132,17,3.35,3.33,3.73,3.50,3.77,3.36,2.77,2.71,3.13,2.75,3.00,2.58,2.71,2.75,2.77,2.94,3.07,3.00,2.20,2.88,3.12
201520,1374,2,122,17,3.60,4.00,3.60,3.50,3.94,3.25,3.13,2.81,3.38,2.83,3.00,2.00,2.63,3.00,2.56,2.47,2.25,2.80,2.53,2.94,3.00
201520,3788,2,29,26,3.73,3.85,3.77,3.62,3.77,3.50,3.62,3.69,3.62,3.32,3.88,3.73,3.73,3.83,3.56,3.81,3.77,3.81,3.54,3.58,3.69
201520,3788,2,29,25,3.65,3.84,3.39,3.44,3.84,3.37,3.24,3.40,3.24,3.29,3.68,3.40,3.20,3.47,3.32,3.60,3.56,3.68,3.12,3.32,3.24
201520,3788,2,25,23,3.61,3.87,3.57,3.70,3.96,3.57,3.30,3.48,3.26,3.09,3.57,3.48,3.30,3.07,3.57,3.52,3.61,3.43,3.48,3.57,3.61
201520,8683,2,25,12,3.75,3.75,3.67,3.50,3.83,3.50,2.92,2.67,3.00,2.67,3.75,3.25,3.08,3.83,2.83,3.33,3.58,3.50,3.00,3.00,3.33
201520,8683,2,24,12,3.73,3.82,3.36,3.36,3.73,3.45,3.09,3.09,3.45,3.18,3.82,3.82,3.45,3.67,3.27,3.73,3.73,3.73,3.18,3.55,3.73
201520,0516,2,22,14,3.54,4.00,3.69,3.62,3.85,3.30,3.46,3.38,3.77,3.62,3.69,3.38,3.38,3.60,3.18,3.38,3.15,3.38,3.46,3.23,3.46
201520,0516,2,28,18,3.83,3.72,3.47,2.89,3.78,2.81,3.61,3.61,3.61,3.67,3.61,3.28,3.28,3.71,3.06,3.39,3.44,3.44,3.28,3.33,3.44
201520,0516,2,27,14,3.71,3.86,3.21,2.71,3.43,3.54,3.50,3.50,3.36,3.36,3.36,3.00,2.93,3.25,2.50,3.00,2.93,3.00,3.21,3.21,3.36
201520,4445,2,28,28,3.75,3.89,3.39,3.32,3.54,3.37,3.79,3.75,3.82,3.86,4.00,3.82,3.93,3.89,3.89,3.96,3.89,3.89,3.78,3.82,3.85
201520,4445,2,28,26,3.65,3.85,3.50,3.58,3.68,3.71,3.88,3.88,3.92,3.92,3.88,3.88,3.81,3.74,3.92,3.92,3.85,3.85,3.77,3.88,3.81
201520,3127,2,38,30,3.73,3.87,3.57,3.70,3.70,3.39,3.73,3.67,3.83,3.63,3.80,3.77,3.87,3.74,3.77,3.87,3.80,3.73,3.57,3.53,3.57
201520,2280,2,33,33,3.34,3.63,3.34,3.06,3.50,3.32,3.50,3.53,3.69,3.63,3.69,3.56,3.61,3.59,3.45,3.73,3.58,3.61,3.48,3.16,3.45
201520,9641,2,29,21,3.60,3.86,3.52,3.19,3.57,3.38,3.57,3.29,3.71,3.43,3.57,3.71,3.57,3.75,3.50,3.71,3.57,3.71,3.43,3.24,3.45
201520,9641,2,32,30,3.70,3.90,3.70,3.30,3.80,3.50,3.60,3.30,3.60,3.57,3.53,3.60,3.43,3.40,3.31,3.77,3.40,3.47,3.37,3.40,3.43
201520,9641,2,34,22,3.45,3.73,3.27,3.05,3.55,3.27,3.50,3.55,3.73,3.64,3.73,3.71,3.68,3.53,3.36,3.82,3.73,3.77,3.41,3.55,3.50
201520,7962,2,31,7,3.29,4.00,3.29,2.43,3.29,2.40,3.29,2.29,3.29,3.14,3.71,3.43,3.43,4.00,2.71,3.43,2.71,3.43,3.00,2.57,3.43
201520,1448,2,31,11,3.45,3.64,3.55,3.55,3.45,3.38,3.27,2.82,3.09,3.27,3.64,3.27,2.36,3.17,2.73,3.18,3.27,3.45,2.73,3.18,3.27
201520,1448,2,32,20,3.50,3.65,3.50,2.75,3.50,3.31,2.85,2.30,1.70,2.20,3.45,2.65,2.15,3.40,1.90,3.00,2.80,2.85,2.10,1.95,2.45
201520,1448,2,34,18,3.50,3.56,3.28,3.00,3.28,3.07,3.06,2.28,2.50,2.40,3.61,3.22,2.06,3.40,2.06,3.22,3.00,3.11,2.50,2.11,2.72
201520,1448,2,34,13,3.62,3.85,3.62,3.54,3.77,3.58,2.92,2.92,2.85,2.92,3.62,3.15,2.85,3.18,2.85,3.23,3.23,3.23,3.00,2.85,2.85
201520,6163,2,28,24,3.71,3.88,3.65,3.63,3.79,3.64,3.71,3.13,3.42,3.09,3.67,3.54,3.17,2.25,2.83,3.54,3.58,3.50,3.17,2.92,3.42
201520,2937,3,28,25,3.24,3.68,3.20,3.00,3.68,3.22,3.36,3.36,3.64,3.63,3.56,3.44,3.00,3.50,3.12,3.60,3.72,3.48,3.20,3.04,3.20
201520,2937,3,28,24,3.04,3.70,3.26,2.74,3.65,3.18,3.46,3.13,3.38,3.08,3.42,3.42,3.29,3.53,2.75,3.79,3.58,3.46,2.88,2.46,3.13
201520,6882,3,28,18,3.67,3.78,3.33,3.11,3.50,3.11,3.83,3.78,3.67,3.72,3.72,3.17,3.22,3.31,3.11,3.44,3.39,3.33,3.39,3.11,3.22
201520,8345,3,22,5,3.33,4.00,3.33,3.67,3.33,3.50,3.67,4.00,4.00,4.00,4.00,3.67,3.67,3.50,4.00,3.80,3.80,4.00,3.40,3.80,3.80
201520,9701,3,21,4,3.25,4.00,2.75,2.25,3.00,3.25,2.75,2.25,3.00,2.75,3.75,3.00,3.00,3.25,3.25,3.75,3.75,2.75,3.00,3.00,3.25
201520,9701,3,27,12,3.08,3.42,2.83,2.58,3.67,2.90,2.92,2.58,2.83,3.25,3.08,3.08,2.58,2.70,2.50,3.17,3.00,2.92,2.42,2.17,2.17
201520,8269,3,32,11,3.45,3.64,3.45,3.18,3.73,2.78,3.73,3.45,3.73,3.82,3.73,3.73,3.73,3.40,3.36,3.45,3.64,3.55,3.36,3.36,3.55
201520,3912,3,29,13,3.77,3.85,3.62,3.54,3.77,3.77,3.38,3.08,3.46,2.92,3.23,3.62,3.54,2.60,2.92,3.69,3.62,3.38,3.08,3.08,3.31
201520,2930,3,23,15,3.13,3.67,3.13,2.93,3.47,3.38,3.20,2.93,2.67,3.00,3.67,3.73,3.60,3.56,2.87,3.87,3.60,3.53,2.73,2.67,2.87
201520,9361,3,27,25,3.56,3.64,3.56,3.16,3.68,3.29,3.48,3.64,3.76,3.44,3.84,3.76,3.76,3.69,3.88,3.84,3.80,3.76,3.52,3.48,3.60
201520,9361,3,29,22,3.59,3.73,3.57,3.45,3.68,3.14,3.36,3.68,3.73,3.55,3.73,3.77,3.77,3.83,3.86,3.86,3.68,3.82,3.50,3.41,3.45
201520,3332,4,24,8,3.75,3.63,3.63,3.63,3.75,3.38,3.88,3.63,2.38,2.60,3.38,2.13,2.00,3.40,2.88,3.00,3.38,3.00,3.75,3.63,3.25
201520,0216,4,24,20,4.00,4.00,3.85,3.70,3.90,3.58,3.45,3.40,3.32,3.60,3.60,3.80,3.50,3.71,3.63,3.90,3.80,3.80,3.80,3.65,3.70
201520,1374,4,24,10,3.80,4.00,4.00,3.80,3.90,3.70,4.00,4.00,2.90,3.60,3.90,3.40,3.30,4.00,3.60,3.70,3.80,3.90,3.90,3.70,3.60
201520,0216,4,24,20,3.65,3.95,3.70,3.45,3.65,3.35,3.50,3.45,3.10,3.20,3.60,3.80,3.45,3.46,3.26,3.75,3.60,3.60,3.25,3.25,3.30
201520,3332,4,33,10,3.70,3.90,3.80,3.80,4.00,3.67,2.90,3.20,2.90,3.13,3.10,3.30,3.20,3.80,3.10,3.30,3.50,3.30,3.10,3.20,3.22
201520,9361,4,32,19,3.74,3.74,3.42,3.63,3.63,3.53,3.37,3.53,3.37,3.39,3.68,3.74,3.68,3.69,3.68,3.84,3.63,3.68,3.47,3.53,3.47
201520,0283,4,25,12,3.75,3.92,3.75,3.67,3.83,3.75,3.67,3.58,3.50,3.25,3.92,3.92,3.82,3.88,3.67,3.92,3.67,3.67,3.58,3.50,3.73
201610,1375,1,30,16,3.31,3.81,3.31,3.31,3.31,2.80,2.94,2.75,3.00,3.00,3.31,3.25,3.06,3.44,2.88,3.19,3.31,3.06,3.00,3.13,3.13
201610,1375,1,31,14,3.71,3.86,3.93,3.43,3.86,3.75,3.64,3.57,3.71,3.50,3.64,3.79,3.71,3.64,3.62,3.57,3.50,3.50,3.36,3.14,3.36
201610,1375,1,33,15,3.40,3.87,3.73,3.13,3.67,3.21,3.47,3.33,3.47,3.27,3.80,3.73,3.67,3.60,3.53,3.73,3.60,3.53,3.47,3.40,3.53
201610,1375,1,30,15,3.27,3.93,3.27,3.53,3.27,3.07,3.40,3.20,3.80,3.53,3.67,3.87,3.60,3.90,3.50,3.80,3.80,3.73,3.33,3.40,3.53
201610,0238,1,33,17,3.44,3.88,3.38,2.69,3.75,3.36,3.13,2.75,2.94,2.81,2.81,3.00,3.06,3.55,2.13,3.13,2.63,3.00,2.88,2.81,3.25
201610,0238,1,31,14,2.93,3.64,3.14,2.21,3.57,3.09,2.50,2.00,2.57,2.50,2.00,2.43,2.31,3.44,1.71,2.79,2.43,2.14,2.14,1.93,2.50
201610,0238,1,32,6,3.50,3.83,3.17,2.50,3.83,3.00,3.50,2.83,2.83,3.00,2.83,3.17,3.00,3.75,2.83,3.33,3.17,3.17,2.83,3.17,3.33
201610,2930,1,28,25,3.52,3.87,3.13,3.13,3.61,3.14,3.42,3.38,3.42,3.21,3.63,3.42,3.50,3.37,3.46,3.71,3.52,3.71,3.46,3.46,3.52
201610,2930,1,29,29,3.17,3.76,2.83,3.03,3.31,3.04,3.39,3.36,3.62,3.41,3.69,3.55,3.59,3.60,3.21,3.75,3.59,3.62,3.31,3.35,3.45
201610,2930,1,32,31,3.36,3.74,3.29,2.93,3.42,3.25,3.39,3.16,3.58,3.39,3.71,3.61,3.55,3.65,3.45,3.81,3.64,3.63,3.16,3.26,3.45
201610,2301,1,27,17,3.47,3.71,3.53,3.00,3.71,2.92,3.41,3.41,3.53,3.53,3.35,3.71,3.47,3.82,3.29,3.59,3.82,3.41,3.41,3.12,3.41
201610,2301,1,34,19,3.53,3.74,3.44,3.42,3.63,3.50,3.53,3.26,3.58,3.32,3.37,3.42,3.53,3.63,3.21,3.53,3.47,3.47,3.16,3.05,3.11
201610,4919,1,29,13,3.73,3.73,3.45,3.18,3.55,3.22,3.45,3.36,3.36,3.36,3.27,3.27,3.18,2.67,2.91,3.36,3.27,3.00,3.27,3.09,3.36
201610,7759,1,27,8,3.13,3.63,3.00,2.88,3.75,3.43,2.50,2.38,2.50,2.63,2.50,3.00,2.50,1.75,2.13,3.13,3.00,2.25,2.50,2.50,3.00
201610,1374,1,27,25,3.44,3.92,3.72,3.12,3.72,3.10,3.56,3.36,2.60,3.12,3.28,2.80,2.32,2.70,2.36,3.04,3.24,3.12,3.20,2.64,2.60
201610,1374,1,32,30,3.27,3.87,3.33,3.07,3.43,2.63,3.57,3.17,2.83,2.52,3.33,3.03,2.77,3.32,2.73,3.00,3.03,2.97,3.17,2.80,2.73
201610,8683,1,30,10,3.44,3.78,3.44,3.44,3.56,3.38,3.67,3.78,3.67,3.33,3.56,3.56,3.56,3.57,3.44,3.56,3.56,3.44,3.22,3.33,3.44
201610,1448,1,31,10,3.40,3.80,3.40,3.50,3.70,3.33,3.44,2.70,2.60,3.00,3.40,3.40,2.90,3.38,2.70,3.60,3.60,3.10,3.10,3.10,3.10
201610,3127,1,41,40,3.45,3.88,3.23,3.30,3.55,3.19,3.75,3.75,3.85,3.47,3.95,3.70,3.88,3.75,3.90,3.90,3.90,3.90,3.60,3.67,3.58
201610,1374,2,130,49,3.49,3.71,3.68,3.53,3.67,3.11,3.21,3.04,3.39,3.09,3.33,3.38,3.27,3.21,3.31,3.47,3.42,3.37,3.00,3.17,3.40
201610,3788,2,29,24,3.75,3.88,3.75,3.54,3.87,3.52,3.00,2.88,2.78,2.67,3.46,3.13,2.50,3.23,2.38,2.96,3.21,2.96,2.71,2.79,2.96
201610,3788,2,29,28,3.57,3.68,3.48,3.39,3.75,3.36,3.21,3.14,3.39,3.18,3.46,3.14,3.07,3.27,2.78,3.57,3.61,3.36,3.00,3.07,3.04
201610,8683,2,31,17,3.56,3.88,3.88,3.31,3.88,3.75,3.06,2.94,2.81,2.63,3.31,3.44,2.88,3.25,2.81,3.56,3.50,3.19,2.75,2.80,3.25
201610,8683,2,32,15,3.53,3.93,3.67,3.47,3.93,3.50,3.20,3.33,3.20,2.93,3.67,3.53,2.93,3.40,3.00,3.47,3.47,3.40,3.13,3.20,3.53
201610,8683,2,31,14,3.77,3.86,3.71,3.64,3.86,3.36,3.21,3.29,3.36,3.29,3.50,3.43,3.29,3.36,3.29,3.57,3.50,3.57,3.29,3.36,3.21
201610,0516,2,30,17,3.41,3.88,3.47,3.13,3.71,3.00,3.53,3.38,3.50,3.56,3.44,2.75,2.44,3.56,2.71,2.77,2.94,2.94,3.35,3.00,3.35
201610,0516,2,30,19,3.53,3.74,3.63,3.21,3.89,3.12,3.58,3.67,3.26,3.42,3.58,2.58,2.84,3.50,2.68,2.89,3.05,3.00,3.37,3.05,3.37
201610,0516,2,32,23,3.61,3.65,3.57,3.22,3.78,3.10,3.65,2.70,3.17,3.39,3.39,2.22,2.23,3.33,2.09,2.39,2.23,2.52,3.09,2.57,3.00
201610,3127,2,36,35,3.63,3.77,3.46,3.54,3.80,3.50,3.86,3.74,3.88,3.54,3.94,3.80,3.91,3.77,3.89,3.97,3.74,3.89,3.71,3.77,3.74
201610,3127,2,41,36,3.57,3.86,3.33,3.39,3.58,3.39,3.67,3.47,3.56,3.56,3.86,3.72,3.69,3.70,3.64,3.80,3.64,3.69,3.33,3.44,3.39
201610,8345,2,29,13,3.69,3.62,3.46,3.38,3.77,3.58,3.77,3.62,3.54,3.69,3.69,3.69,3.62,3.43,3.54,3.62,3.31,3.62,3.46,3.38,3.38
201610,8345,2,24,7,3.43,3.86,3.29,3.29,3.71,3.00,3.43,3.43,3.57,3.29,3.71,3.71,3.57,3.80,3.57,3.71,3.43,3.57,3.57,3.57,3.29
201610,2204,2,25,22,3.64,3.95,3.73,3.18,3.64,3.48,3.59,3.23,2.64,3.23,3.50,3.50,2.64,3.67,2.55,3.50,3.18,3.27,3.09,2.86,3.05
201610,2204,2,24,22,3.59,3.77,3.41,3.09,3.55,3.41,3.36,2.82,2.77,3.00,3.27,3.36,2.82,3.50,2.55,3.41,3.14,3.23,2.82,2.50,2.82
201610,2280,2,24,23,3.39,3.70,3.39,3.13,3.70,3.09,3.65,3.35,3.61,3.43,3.70,3.65,3.43,3.44,3.17,3.70,3.22,3.39,3.13,2.91,3.26
201610,2280,2,27,20,3.55,3.70,3.60,3.25,3.65,3.28,3.30,3.25,3.40,3.30,3.55,3.65,3.35,3.54,3.10,3.70,3.55,3.55,3.40,3.15,3.20
201610,7962,2,23,21,3.48,3.86,3.52,3.10,3.67,3.39,3.43,3.52,3.76,3.57,3.86,3.90,3.86,3.82,3.43,3.95,3.62,3.57,3.38,3.48,3.62
201610,2056,2,27,26,3.54,4.00,3.50,3.27,3.69,3.12,3.85,3.73,3.46,3.50,3.72,3.65,3.54,3.70,3.24,3.85,3.69,3.65,3.62,3.27,3.50
201610,7175,2,28,16,3.56,3.88,3.50,2.94,3.69,3.10,3.31,2.81,3.63,3.13,3.31,3.56,3.44,3.50,3.00,3.44,3.38,3.38,3.00,2.81,3.06
201610,7175,2,27,12,3.42,3.67,3.42,2.92,3.75,3.18,3.42,3.17,3.25,3.42,3.25,3.33,3.33,3.22,2.91,3.50,3.33,3.33,2.83,2.83,3.17
201610,1448,2,31,13,3.31,3.92,3.67,3.08,3.92,3.18,3.54,3.00,2.77,2.77,3.69,3.15,2.54,3.33,2.54,3.38,3.46,3.15,2.77,2.69,3.23
201610,1448,2,33,21,3.52,3.62,3.62,3.05,3.62,3.26,3.10,3.10,2.62,2.75,3.90,3.57,2.81,3.36,3.14,3.62,3.57,3.30,2.95,3.00,3.24
201610,1448,2,28,11,3.64,3.82,3.64,3.55,3.64,3.75,3.27,3.18,2.82,2.91,3.73,3.36,3.18,3.50,3.09,3.36,3.45,3.45,2.91,3.09,3.18
201610,6163,2,22,19,3.58,3.84,3.74,3.53,3.74,3.44,3.63,3.47,3.32,3.32,3.79,3.68,3.42,3.00,3.26,3.74,3.68,3.63,3.33,3.37,3.58
201610,2240,3,27,12,3.42,3.75,3.58,3.25,3.92,3.45,3.17,2.50,3.17,2.83,3.58,3.00,3.08,2.57,2.50,3.08,3.25,3.00,2.25,2.42,2.75
201610,2937,3,27,22,3.18,3.73,3.36,2.86,3.73,3.00,3.41,2.91,3.23,3.05,3.14,2.86,2.27,3.47,2.48,3.23,3.23,3.05,3.14,2.59,2.86
201610,2937,3,24,23,3.30,3.70,3.17,2.87,3.43,2.91,3.39,3.26,3.74,3.17,3.52,3.65,3.09,3.75,3.09,3.87,3.65,3.52,3.09,2.91,3.17
201610,6882,3,21,13,3.46,3.92,3.15,3.23,3.62,2.85,3.92,3.92,3.85,3.85,3.85,3.54,3.54,3.20,3.69,3.69,3.62,3.69,3.77,3.38,3.54
201610,8345,3,24,9,3.83,4.00,3.50,3.33,3.67,3.75,3.50,3.67,4.00,3.67,4.00,4.00,4.00,4.00,3.83,3.89,4.00,4.00,3.78,3.89,3.89
201610,8035,3,13,5,3.20,4.00,3.67,3.67,3.60,3.00,3.75,3.80,4.00,4.00,4.00,3.50,3.80,4.00,3.80,4.00,3.60,3.80,3.80,3.80,3.80
201610,9701,3,10,3,3.67,3.67,3.33,3.33,4.00,4.00,3.33,2.67,2.67,3.33,3.00,3.67,3.00,3.50,3.00,3.67,3.67,3.33,3.00,2.67,3.00
201610,9701,3,13,4,3.50,4.00,3.50,3.75,3.50,3.00,3.25,3.25,3.25,3.50,3.25,3.00,3.00,3.50,3.00,3.50,3.25,3.50,3.75,3.50,3.50
201610,8269,3,35,16,3.69,3.75,3.69,3.56,3.88,3.14,3.69,3.56,3.69,3.69,3.56,3.31,3.38,3.60,3.27,3.56,3.50,3.25,3.50,3.50,3.56
201610,8269,3,35,16,3.69,3.88,3.75,3.44,3.69,3.36,3.75,3.44,3.94,3.44,3.88,3.56,3.75,3.64,3.50,3.63,3.56,3.38,3.38,3.38,3.50
201610,3912,3,33,18,3.44,3.89,3.61,3.33,3.72,3.20,3.28,3.28,3.56,3.06,3.56,3.56,3.56,2.64,3.17,3.67,3.33,3.33,3.33,3.06,3.39
201610,3332,3,23,8,3.88,3.88,4.00,3.50,4.00,3.38,3.38,3.38,3.50,3.63,3.50,3.00,3.00,3.67,3.00,3.13,3.38,3.25,3.50,3.63,3.38
201610,9361,3,28,27,3.85,3.82,3.59,3.52,3.96,3.77,3.67,3.78,3.82,3.59,3.82,3.89,3.82,3.76,3.85,3.93,3.93,3.89,3.78,3.85,3.74
201610,9361,3,29,22,3.57,3.77,3.45,3.36,3.86,3.42,3.55,3.64,3.73,3.36,3.86,3.82,3.59,3.69,3.77,3.90,3.82,3.73,3.38,3.64,3.55
201610,0607,3,23,8,3.50,3.50,3.50,3.50,3.50,3.00,3.57,3.50,3.50,3.50,3.50,3.00,3.00,3.57,2.88,3.50,3.50,3.25,3.00,3.00,3.00
201610,3332,4,13,8,3.75,3.88,3.88,3.63,4.00,4.00,3.88,3.13,2.25,3.33,2.86,2.13,1.38,3.33,2.25,2.25,3.43,2.43,3.25,3.38,3.38
201610,6882,4,22,17,3.63,3.88,3.35,3.35,3.35,3.18,3.65,3.65,3.18,3.56,3.59,3.00,2.94,3.47,3.12,3.29,3.18,3.23,3.47,3.13,3.59
201610,0216,4,22,22,3.86,3.82,3.73,3.82,3.77,3.75,3.68,3.68,3.73,3.53,3.73,3.68,3.64,3.54,3.41,3.77,3.68,3.68,3.50,3.36,3.64
201610,0216,4,21,21,3.67,3.86,3.71,3.57,3.57,3.30,3.33,3.38,3.29,3.30,3.67,3.81,3.48,3.69,3.33,3.76,3.76,3.48,3.48,3.33,3.52
201620,1375,1,32,14,3.29,3.79,3.21,3.07,3.64,3.00,3.21,3.00,3.71,3.50,3.50,3.64,3.36,3.75,3.36,3.79,3.79,3.79,3.36,3.38,3.57
201620,1375,1,30,15,3.40,3.80,3.40,3.00,3.60,3.47,3.47,3.33,3.73,3.20,3.53,3.67,3.67,3.78,3.27,3.60,3.47,3.53,3.40,3.40,3.47
201620,1375,1,31,18,3.50,3.88,3.50,3.39,3.56,2.92,3.61,3.44,3.72,3.67,3.72,3.83,3.78,3.75,3.44,3.78,3.78,3.67,3.56,3.44,3.56
201620,1375,1,30,14,3.62,3.77,3.54,3.23,3.54,3.31,3.46,3.38,3.62,3.62,3.69,3.69,3.69,3.67,3.25,3.69,3.62,3.85,3.46,3.62,3.69
201620,0238,1,28,19,3.26,3.89,3.58,3.05,3.68,3.19,2.89,2.58,2.63,3.00,2.63,3.05,2.58,3.08,2.58,2.95,2.79,2.74,2.53,2.58,2.95
201620,0238,1,27,15,3.36,3.53,3.07,2.93,3.67,3.00,3.27,3.27,3.60,3.47,3.27,3.27,3.27,3.50,3.13,3.43,3.27,3.27,3.13,3.20,3.29
201620,0238,1,31,19,3.33,3.89,3.28,2.89,3.44,2.83,3.33,3.06,3.28,3.33,3.50,3.33,3.22,3.60,3.06,3.44,3.50,3.11,3.06,3.17,3.28
201620,8683,1,32,13,3.62,3.85,3.77,3.69,3.62,3.42,3.31,3.31,3.23,3.15,3.54,3.38,3.15,3.50,3.08,3.38,3.38,3.38,3.08,3.54,3.46
201620,2930,1,32,28,3.44,3.85,3.44,2.93,3.41,3.00,3.44,3.07,3.37,3.48,3.77,3.48,3.26,3.62,2.93,3.70,3.41,3.33,2.89,3.04,3.11
201620,2930,1,32,22,3.32,3.73,3.41,3.05,3.73,3.09,3.41,3.27,3.55,3.41,3.77,3.55,3.50,3.74,3.27,3.77,3.55,3.68,3.18,3.05,3.36
201620,2301,1,31,29,3.35,3.76,3.55,3.07,3.65,3.08,3.48,3.35,3.69,3.31,3.69,3.45,3.65,3.64,3.28,3.69,3.52,3.65,3.21,3.14,3.21
201620,2301,1,33,19,3.32,3.84,3.42,3.26,3.47,2.75,3.42,3.26,3.68,3.26,3.37,3.53,3.42,3.38,3.39,3.68,3.63,3.47,3.11,3.05,3.21
201620,4919,1,31,8,3.25,4.00,3.50,3.25,3.50,3.00,3.38,3.00,3.25,3.13,3.00,3.38,3.38,3.40,2.57,3.13,3.00,3.00,3.13,3.00,3.13
201620,7759,1,31,12,3.25,3.83,3.75,3.42,3.75,3.30,3.50,3.00,3.25,3.25,3.00,3.36,3.17,3.50,2.92,3.50,3.33,3.00,3.08,3.00,3.33
201620,1374,1,31,16,2.94,3.56,3.19,2.88,3.38,2.43,3.19,2.25,2.31,1.80,2.81,2.06,1.69,1.82,1.31,2.19,2.44,2.19,2.25,1.69,1.88
201620,1374,1,31,24,3.13,3.75,3.38,3.21,3.75,3.05,3.46,3.38,3.38,3.08,3.46,3.29,3.17,3.00,2.63,3.29,3.46,3.17,3.17,2.75,2.79
201620,8683,1,34,11,3.60,3.82,3.27,3.27,3.82,3.00,3.36,3.27,3.55,3.36,3.73,3.82,3.64,3.33,3.09,3.55,3.45,3.45,3.36,3.36,3.36
201620,1448,1,31,9,3.33,3.56,3.33,3.22,3.56,3.38,3.33,3.44,3.11,3.44,3.78,3.33,3.22,3.25,3.33,3.67,3.56,3.44,3.33,3.56,3.44
201620,1120,1,32,30,3.60,3.73,3.50,3.23,3.73,3.15,3.77,3.70,3.80,3.60,3.80,3.73,3.80,3.80,3.77,3.83,3.73,3.77,3.63,3.73,3.73
201620,1120,1,32,32,3.34,3.66,3.41,3.22,3.38,2.96,3.47,3.38,3.72,3.56,3.78,3.56,3.63,3.57,3.63,3.72,3.69,3.75,3.31,3.41,3.50
201620,3127,1,44,39,3.59,3.92,3.36,3.26,3.44,3.43,3.74,3.62,3.90,3.54,3.95,3.76,3.90,3.76,3.87,3.87,3.80,3.77,3.54,3.33,3.56
201620,1374,2,133,130,3.47,3.72,3.69,3.63,3.75,3.16,3.15,2.96,3.29,2.92,3.10,2.95,2.92,3.02,3.06,3.20,3.17,3.21,2.86,3.06,3.21
201620,3788,2,31,31,3.71,3.84,3.42,3.55,3.77,3.50,3.32,3.55,3.26,3.03,3.55,3.36,3.16,3.30,3.26,3.48,3.61,3.52,3.32,3.36,3.52
201620,3788,2,31,30,3.63,3.80,3.65,3.40,3.79,3.44,3.20,3.17,3.27,2.97,3.60,3.27,3.17,3.57,2.80,3.40,3.63,3.43,3.03,3.23,3.20
201620,8683,2,32,17,3.47,3.88,3.77,3.53,4.00,3.13,2.35,1.53,1.18,1.94,3.00,2.94,1.94,1.83,1.24,2.65,2.59,2.18,1.65,1.47,2.06
201620,8683,2,29,9,3.78,4.00,3.78,3.67,3.89,3.63,3.33,2.67,2.33,2.67,3.22,3.33,2.89,2.50,2.44,3.33,3.22,3.11,2.67,2.67,3.22
201620,3788,2,29,26,3.84,3.85,3.77,3.73,3.88,3.57,3.50,3.65,3.58,3.50,3.92,3.81,3.65,3.62,3.54,3.81,3.85,3.81,3.58,3.65,3.62
201620,0516,2,28,21,3.40,3.67,3.38,2.90,3.67,2.85,3.35,3.19,3.33,3.19,3.38,3.00,2.90,3.38,2.90,3.33,2.86,3.10,3.05,3.24,3.29
201620,0516,2,29,20,3.55,3.90,3.35,3.00,3.65,2.72,3.55,2.95,3.25,3.35,3.45,2.68,2.60,3.21,2.55,2.90,2.60,2.95,2.95,2.95,3.10
201620,0516,2,30,12,3.58,3.75,3.75,3.50,3.83,3.36,3.25,2.92,3.08,3.33,3.50,2.75,3.00,3.25,2.50,3.00,2.42,2.83,2.92,2.83,2.92
201620,3127,2,39,38,3.63,3.79,3.51,3.55,3.63,3.66,3.89,3.89,3.79,3.82,3.95,3.89,3.95,3.79,3.92,4.00,3.92,3.92,3.84,3.92,3.89
201620,4445,2,28,23,3.74,3.65,3.35,3.39,3.70,3.59,3.91,3.70,3.96,3.83,3.91,3.87,3.91,3.80,3.86,3.96,3.82,3.87,3.74,3.74,3.74
201620,4445,2,31,26,3.73,3.65,3.42,3.44,3.60,3.63,3.88,3.85,3.92,3.88,3.92,3.88,3.96,3.91,3.96,4.00,4.00,3.96,3.88,3.88,3.88
201620,2204,2,30,22,3.36,3.86,3.55,2.77,3.73,3.00,3.09,2.73,2.86,3.14,3.05,3.19,2.43,3.44,2.23,3.09,2.91,3.05,2.77,2.14,2.68
201620,2204,2,28,22,2.91,3.68,3.05,2.50,3.36,2.80,2.64,1.96,2.18,2.59,2.73,2.91,2.48,3.09,1.96,3.00,2.64,2.36,1.96,1.91,2.18
201620,8345,2,31,14,3.57,3.79,3.14,3.14,3.79,3.00,3.43,3.36,3.64,3.29,3.71,3.57,3.43,3.57,3.43,3.64,3.43,3.43,3.29,3.00,3.14
201620,8345,2,30,10,3.70,3.70,3.00,3.40,3.60,3.50,3.60,3.60,3.80,3.50,3.90,3.80,3.80,3.63,3.80,3.70,3.70,3.80,3.40,3.50,3.40
201620,7962,2,28,9,3.44,3.56,3.33,3.22,3.33,3.57,3.44,3.22,3.33,3.44,3.89,3.67,3.78,3.63,3.13,3.78,3.56,3.56,3.33,3.44,3.22
201620,2056,2,26,20,3.63,3.95,3.68,3.21,3.68,3.42,3.53,3.42,3.32,3.53,3.63,3.68,3.37,3.73,3.11,3.74,3.68,3.58,3.42,2.58,3.00
201620,7175,2,32,15,3.40,3.47,3.33,3.00,3.87,3.54,3.67,3.47,3.73,3.73,3.67,3.80,3.80,3.67,3.07,3.73,3.67,3.47,3.27,2.93,3.33
201620,7175,2,29,14,3.36,3.43,3.07,3.36,3.86,3.36,3.57,3.29,3.71,3.71,3.79,3.57,3.57,4.00,3.36,3.71,3.50,3.71,3.29,3.14,3.64
201620,1448,2,28,14,3.38,3.46,3.38,3.31,3.62,2.75,3.43,3.29,2.64,3.38,3.50,2.93,2.43,3.00,2.64,2.93,3.29,2.93,3.29,2.86,3.29
201620,1448,2,28,12,3.50,3.58,3.50,3.25,3.58,3.18,3.25,3.17,2.92,2.91,3.67,3.42,2.50,3.25,2.50,3.50,3.25,2.83,2.67,2.92,2.83
201620,1448,2,20,9,3.67,3.67,3.67,3.67,3.78,3.63,3.67,3.89,3.67,3.33,3.89,3.44,3.33,3.57,3.33,3.44,3.44,3.56,3.67,3.56,3.67
201620,6163,2,24,22,3.59,3.50,3.82,3.77,3.95,3.79,3.68,3.45,3.41,3.27,3.77,3.55,3.41,3.18,3.32,3.68,3.82,3.77,3.23,3.36,3.50
201620,2937,3,22,17,3.71,3.53,3.65,3.23,3.53,3.23,3.71,3.71,3.82,3.53,3.88,3.82,3.59,3.73,3.77,3.88,3.82,3.82,3.71,3.71,3.47
201620,6882,3,22,4,3.25,4.00,3.25,3.50,4.00,3.00,4.00,4.00,4.00,4.00,4.00,3.50,3.00,4.00,3.75,4.00,4.00,4.00,4.00,3.75,3.50
201620,6882,3,27,9,3.44,3.78,3.22,2.89,3.67,3.33,3.78,3.78,3.44,3.67,3.67,3.44,3.00,3.56,3.00,3.44,3.67,3.78,3.33,2.89,3.11
201620,8035,3,14,4,3.25,4.00,3.67,3.50,3.75,3.25,3.75,3.75,3.75,3.75,3.75,4.00,4.00,4.00,4.00,4.00,4.00,3.75,3.75,4.00,3.75
201620,0283,3,24,6,4.00,4.00,4.00,3.50,4.00,3.50,3.50,4.00,4.00,3.50,4.00,4.00,4.00,4.00,4.00,3.83,3.67,3.33,3.00,2.67,3.17
201620,9701,3,19,10,3.80,3.90,3.90,3.80,3.90,3.70,3.60,3.60,3.70,3.80,3.60,3.90,3.50,3.78,3.20,3.80,3.70,3.40,3.50,3.50,3.50
201620,9701,3,17,7,3.57,3.71,3.29,3.43,3.86,3.67,3.43,3.71,3.86,3.71,3.71,3.86,3.14,4.00,3.17,3.57,3.71,3.71,3.71,3.43,3.57
201620,8269,3,37,18,3.67,3.78,3.78,3.56,3.94,3.61,3.78,3.72,3.83,3.72,3.78,3.67,3.72,3.64,3.50,3.78,3.72,3.67,3.50,3.67,3.56
201620,5282,3,38,20,3.80,3.90,3.75,3.55,3.95,3.88,3.65,3.75,3.95,3.75,3.80,3.85,3.85,3.56,3.80,3.85,3.85,3.85,3.60,3.65,3.75
201620,2930,3,8,3,3.67,3.33,3.67,3.67,4.00,3.00,3.33,3.33,3.67,4.00,4.00,4.00,4.00,4.00,3.67,4.00,4.00,4.00,3.67,3.67,3.67
201620,9361,3,28,14,3.54,3.77,3.54,3.62,3.54,3.27,3.54,3.62,3.54,3.62,3.85,3.77,3.69,3.43,3.46,3.85,3.69,3.38,3.54,3.54,3.54
201620,9361,3,23,15,3.43,3.67,3.47,3.53,3.73,3.46,3.67,3.60,3.67,3.60,3.73,3.93,3.67,3.67,3.67,3.93,3.87,3.73,3.53,3.73,3.67
201620,0607,3,21,20,3.55,3.80,2.95,3.15,3.50,3.41,3.40,3.25,3.35,3.45,3.30,3.35,2.65,3.64,2.90,3.30,3.15,3.15,2.95,3.15,3.20
201620,3332,4,18,5,3.80,3.80,4.00,4.00,4.00,3.50,3.80,3.60,3.00,4.00,3.60,2.80,2.80,4.00,3.00,3.00,3.50,3.20,3.40,3.20,3.40
201620,6882,4,25,12,3.58,3.83,3.58,3.58,3.83,3.25,3.92,3.50,3.08,3.55,3.75,3.25,2.50,3.64,3.00,3.25,3.75,3.58,3.58,3.17,3.50
201620,1374,4,25,0,0.00,0.00,0.00,0.00,0.00,0.00,0.00,0.00,0.00,0.00,0.00,0.00,0.00,0.00,0.00,0.00,0.00,0.00,0.00,0.00,0.00
201620,0216,4,24,21,3.57,3.95,3.62,3.67,3.71,3.57,3.67,3.86,3.71,3.55,3.62,3.71,3.67,3.62,3.57,3.81,3.81,3.71,3.71,3.24,3.52
201620,0216,4,24,24,3.65,3.83,3.52,3.74,3.65,3.57,3.57,3.70,3.91,3.61,3.57,3.83,3.65,3.56,3.87,3.91,3.87,3.78,3.57,3.17,3.35
201620,3332,4,26,7,3.86,3.71,3.71,3.57,3.71,3.57,3.43,3.29,3.14,3.33,3.43,3.43,3.14,3.75,3.29,3.57,3.43,3.43,3.43,3.43,3.43
201620,9361,4,25,10,3.89,3.70,3.50,3.60,3.90,3.44,3.60,3.70,3.50,3.50,3.80,3.80,3.80,3.80,3.78,3.89,3.78,3.89,3.78,3.67,3.67
201620,8345,4,26,6,3.83,4.00,3.67,3.50,3.83,3.50,4.00,4.00,4.00,3.80,4.00,4.00,3.67,4.00,4.00,4.00,4.00,4.00,4.00,3.67,4.00
201710,1375,1,33,16,3.75,3.81,3.69,3.31,3.69,3.69,3.63,3.50,3.75,3.69,3.75,3.88,3.75,3.75,3.50,3.75,3.69,3.63,3.56,3.56,3.50
201710,1375,1,32,19,3.63,3.74,3.53,3.32,3.79,3.73,3.58,3.37,3.53,3.32,3.58,3.63,3.53,3.67,3.32,3.68,3.74,3.58,3.42,3.63,3.58
201710,1375,1,31,16,3.63,3.88,3.56,3.44,3.75,3.27,3.44,3.38,3.50,3.38,3.69,3.81,3.69,3.70,3.38,3.75,3.44,3.31,3.25,3.38,3.50
201710,1375,1,34,19,3.50,3.84,3.79,3.58,3.89,3.56,3.74,3.68,3.68,3.63,3.79,3.63,3.68,3.67,3.37,3.68,3.74,3.68,3.63,3.68,3.79
201710,0238,1,26,22,3.55,3.59,3.64,3.05,3.73,3.10,3.45,3.05,3.23,3.05,3.14,3.45,3.36,3.22,2.73,3.45,3.14,3.27,2.95,2.73,3.05
201710,0238,1,28,17,3.47,3.82,3.41,3.00,3.53,3.07,3.23,3.12,3.23,2.94,3.06,3.18,3.00,3.29,2.47,3.35,3.00,3.18,3.12,2.77,3.18
201710,0238,1,33,22,3.45,3.73,3.41,2.77,3.36,3.15,3.14,2.77,3.19,2.86,2.77,3.09,2.86,2.93,2.45,3.27,2.77,3.05,2.82,2.73,2.86
201710,2930,1,28,13,3.23,3.92,3.08,2.85,3.38,2.73,3.23,3.15,3.08,3.54,3.69,3.62,3.31,3.50,3.15,3.69,3.31,3.31,3.00,3.08,3.38
201710,2930,1,32,13,3.38,3.62,3.15,3.15,3.69,3.20,3.67,3.33,3.42,3.62,3.77,3.69,3.69,3.67,3.17,3.69,3.62,3.62,3.15,3.38,3.23
201710,2930,1,33,9,3.33,3.89,3.56,3.11,3.44,3.25,3.33,3.11,3.44,3.33,4.00,3.56,3.67,3.83,3.00,3.67,3.67,3.56,3.33,2.44,3.00
201710,2301,1,34,25,3.64,3.96,3.48,3.32,3.80,3.04,3.52,3.32,3.64,3.36,3.48,3.44,3.42,3.38,3.13,3.52,3.44,3.40,3.20,3.12,3.16
201710,2301,1,27,17,3.59,3.65,3.53,3.06,3.65,3.07,3.77,3.71,3.82,3.53,3.53,3.65,3.71,3.75,3.12,3.71,3.71,3.59,3.29,3.23,3.47
201710,4919,1,28,12,3.67,3.92,3.33,3.17,3.67,3.17,3.33,3.25,3.08,3.42,3.33,3.45,3.42,2.80,2.92,3.67,3.33,3.33,3.42,3.50,3.42
201710,7759,1,30,13,3.69,3.85,3.62,3.31,3.77,3.44,3.31,3.15,3.38,3.31,3.31,3.23,3.46,3.00,3.23,3.62,3.62,3.38,3.38,3.62,3.46
201710,1120,1,33,31,3.42,3.77,3.23,3.13,3.74,3.07,3.58,3.55,3.77,3.55,3.84,3.55,3.58,3.63,3.40,3.77,3.74,3.61,3.39,3.29,3.39
201710,1120,1,32,30,3.40,3.70,3.37,3.30,3.47,2.71,3.53,3.47,3.47,3.30,3.70,3.60,3.53,3.28,3.23,3.65,3.50,3.47,3.37,3.30,3.33
201710,1120,1,29,26,3.42,3.62,3.50,3.62,3.69,3.14,3.68,3.68,3.84,3.48,3.71,3.68,3.80,3.75,3.56,3.80,3.76,3.80,3.48,3.48,3.56
201710,1448,1,31,8,3.75,3.75,3.63,3.13,3.63,3.13,3.50,3.13,2.25,2.88,3.75,3.13,2.63,3.17,3.00,3.38,3.25,3.13,3.25,3.13,3.25
201710,6129,1,30,10,3.40,3.80,3.80,3.50,3.70,3.20,3.20,3.10,2.70,3.00,3.50,3.50,3.40,2.80,3.00,3.70,3.60,3.40,3.00,3.00,3.40
201710,3127,1,40,38,3.58,3.97,3.61,3.58,3.40,3.53,3.92,3.95,4.00,3.82,4.00,3.89,3.97,3.84,4.00,3.95,3.82,3.95,3.89,3.84,3.84
201710,1374,2,135,107,3.35,3.70,3.62,3.60,3.77,3.17,2.98,2.73,3.30,2.81,2.93,2.84,2.91,3.08,2.78,3.07,3.12,2.83,2.52,2.86,3.12
201710,3332,2,31,14,3.43,3.79,3.50,3.29,3.71,2.82,3.07,2.86,2.57,2.54,3.29,2.79,2.64,3.30,2.71,3.00,3.29,3.07,2.71,2.86,2.79
201710,8683,2,31,9,3.67,3.89,3.89,3.56,3.78,3.56,3.33,3.22,3.11,3.11,3.44,3.44,3.44,3.33,3.56,3.56,3.56,3.56,3.33,3.56,3.44
201710,8683,2,32,15,3.87,3.87,3.87,3.67,3.73,3.58,3.27,3.13,3.00,3.07,3.40,3.40,3.13,3.50,3.13,3.60,3.40,3.53,3.07,3.20,3.33
201710,8683,2,31,13,3.69,3.92,3.69,3.69,3.85,3.64,3.00,2.85,2.85,2.92,3.54,3.54,2.77,3.30,3.15,3.54,3.31,3.15,2.77,3.00,3.31
201710,8683,2,31,13,3.77,4.00,3.85,3.46,3.92,3.80,3.46,3.23,3.31,3.23,3.62,3.31,3.38,3.57,3.08,3.62,3.62,3.54,3.31,3.15,3.54
201710,0516,2,23,19,3.53,3.74,3.63,3.26,3.84,2.94,3.32,2.95,3.05,3.37,3.26,2.47,2.68,2.86,2.21,2.74,2.37,2.79,2.84,2.58,2.89
201710,0516,2,28,21,3.52,3.81,3.81,3.05,3.90,3.29,3.14,2.71,3.05,2.95,3.43,3.10,2.71,3.36,2.38,2.95,2.81,2.86,2.76,2.52,2.86
201710,0516,2,30,23,3.70,3.78,3.61,3.04,3.91,3.06,3.39,3.00,3.48,3.43,3.43,3.22,3.09,3.58,2.78,3.26,2.87,2.96,3.09,3.04,3.09
201710,3127,2,30,28,3.54,3.61,3.54,3.29,3.50,3.13,3.61,3.43,3.79,3.50,3.86,3.57,3.61,3.39,3.54,3.64,3.71,3.37,3.48,3.33,3.52
201710,3127,2,33,30,3.76,3.63,3.43,3.47,3.70,3.29,3.77,3.67,3.77,3.77,3.90,3.79,3.73,3.88,3.77,3.90,3.80,3.83,3.63,3.63,3.70
201710,4445,2,20,19,3.79,3.58,3.42,3.68,3.68,3.33,3.78,3.89,3.74,3.95,3.95,3.95,4.00,3.88,3.95,3.95,3.79,3.89,3.89,3.84,3.84
201710,4445,2,27,21,3.76,3.67,3.52,3.62,3.62,3.52,3.95,3.86,3.95,3.95,3.95,3.95,3.90,4.00,3.95,3.95,3.95,3.90,3.85,3.85,3.90
201710,8345,2,27,11,3.60,3.91,3.36,3.45,3.82,3.20,3.45,3.64,3.73,3.82,3.91,3.91,3.82,4.00,3.91,3.82,3.82,3.82,3.82,3.82,3.82
201710,8345,2,25,9,3.78,3.56,3.56,3.22,3.78,3.00,3.22,3.67,3.89,3.78,3.89,3.89,3.89,3.67,3.89,3.89,3.89,3.89,3.44,3.67,3.78
201710,2280,2,25,22,3.64,3.95,3.59,3.00,3.77,2.95,3.48,3.24,3.32,3.45,3.64,3.36,3.23,3.67,3.27,3.59,3.05,3.23,3.09,2.68,2.86
201710,2280,2,25,22,3.77,3.86,3.68,3.59,3.91,3.37,3.73,3.68,3.73,3.68,3.68,3.64,3.64,3.63,3.36,3.77,3.55,3.64,3.50,3.27,3.45
201710,2204,2,25,23,3.43,3.87,3.30,3.13,3.61,3.45,3.61,3.30,3.39,3.30,3.74,3.83,3.61,3.79,3.30,3.87,3.74,3.78,3.39,3.04,3.39
201710,8570,2,25,19,3.74,3.79,3.63,3.37,3.84,3.44,3.84,3.79,3.95,3.79,3.95,3.89,3.89,3.90,3.95,3.95,3.84,3.95,3.84,3.68,3.63
201710,7962,2,20,18,3.72,3.94,3.83,3.06,3.67,3.44,3.67,3.72,3.83,3.78,3.83,3.83,3.83,3.67,3.78,3.94,3.94,3.78,3.61,3.72,3.67
201710,7175,2,28,28,3.21,3.68,3.32,2.86,3.64,3.32,3.39,3.11,3.61,3.32,3.36,3.43,3.46,3.47,2.93,3.68,3.32,3.52,3.00,2.86,3.36
201710,7175,2,32,29,3.28,3.72,3.59,2.72,3.65,3.13,3.45,2.97,3.55,3.55,3.24,3.38,3.28,3.75,2.79,3.65,3.10,3.38,2.65,2.62,3.21
201710,1448,2,30,13,3.46,3.62,3.62,3.31,3.92,3.25,3.08,2.77,2.54,3.00,3.62,2.31,2.23,3.33,2.31,2.69,3.31,2.69,2.92,2.77,3.15
201710,1448,2,29,13,3.77,3.69,3.69,3.62,3.85,3.45,3.62,3.38,2.77,3.15,3.54,2.69,2.46,3.33,2.92,2.69,3.46,3.15,3.46,3.31,3.54
201710,1448,2,23,5,3.60,3.60,3.40,3.60,3.40,3.20,3.80,3.80,2.60,3.40,3.80,3.00,2.80,3.00,3.20,2.40,3.40,3.40,3.20,3.40,3.60
201710,6163,2,28,26,3.88,3.81,3.81,3.73,3.92,3.77,3.73,3.58,3.38,3.65,3.85,3.54,3.27,3.16,3.23,3.40,3.69,3.50,3.42,3.54,3.77
201710,2240,3,32,14,3.93,3.93,3.86,3.71,3.79,3.73,3.64,3.79,3.79,3.43,3.86,3.43,3.57,3.82,3.50,3.43,3.43,3.43,3.50,3.64,3.71
201710,6882,3,29,15,3.27,3.87,3.13,3.07,3.53,3.13,4.00,3.47,3.73,3.73,3.93,3.20,3.27,3.30,3.27,3.60,3.47,3.53,3.60,2.53,3.00
201710,8345,3,27,8,3.50,4.00,2.50,3.00,3.50,4.00,4.00,4.00,3.00,3.00,4.00,4.00,4.00,0.00,3.50,3.88,3.88,3.63,3.50,3.88,3.63
201710,8035,3,15,5,3.80,0.00,4.00,0.00,4.00,3.20,3.60,3.20,3.20,3.75,3.20,3.00,3.00,0.00,3.40,3.20,3.25,3.40,2.80,3.40,3.60
201710,9701,3,19,14,3.00,3.43,3.29,3.00,3.29,3.09,3.21,2.71,2.86,2.57,2.79,3.00,2.57,3.50,1.86,3.14,3.14,2.43,2.36,2.07,2.43
201710,9701,3,21,17,3.35,3.65,3.23,2.94,3.53,3.69,3.18,2.77,2.88,2.47,3.06,2.94,2.53,3.10,2.47,3.00,3.18,2.82,2.88,2.71,2.65
201710,9361,3,20,18,3.67,3.72,3.28,3.56,3.61,3.50,3.50,3.67,3.72,3.59,3.89,4.00,3.72,3.79,3.82,3.94,4.00,3.89,3.61,3.61,3.72
201710,9361,3,21,16,3.44,3.69,3.38,3.56,3.88,3.13,3.38,3.50,3.44,3.50,3.75,3.69,3.50,3.70,3.63,3.81,3.81,3.69,3.38,3.50,3.44
201710,3788,3,22,10,3.60,3.70,3.40,3.40,3.50,3.60,3.40,3.20,2.70,3.00,3.40,3.10,2.50,3.40,2.60,3.10,3.10,3.00,2.60,3.00,2.90
201710,3788,3,20,17,3.77,3.71,3.53,3.53,3.65,3.25,3.77,3.65,3.23,3.47,3.59,3.47,3.29,3.80,3.47,3.65,3.82,3.59,3.41,3.35,3.41
201710,0607,3,16,16,3.44,3.44,3.38,3.13,3.56,3.43,3.25,3.13,3.13,3.25,3.50,3.50,3.38,3.33,3.19,3.75,3.69,3.44,2.88,3.19,3.50
201710,3332,4,15,5,3.60,3.80,3.80,3.80,4.00,3.20,3.40,2.80,2.40,2.20,2.60,2.00,1.60,2.50,1.40,2.20,3.00,2.20,3.20,2.20,3.00
201710,6882,4,24,10,3.80,4.00,3.80,3.90,3.90,3.80,3.90,3.80,3.70,3.78,3.90,3.90,3.60,3.80,3.70,3.70,3.70,3.70,3.80,3.80,3.80
201710,0216,4,24,19,3.83,3.95,3.84,3.95,3.89,3.83,3.74,3.89,3.79,3.72,3.68,3.95,3.53,3.83,3.79,3.89,3.79,3.68,3.74,3.42,3.63
201710,0216,4,23,18,3.67,3.67,3.67,3.56,3.61,3.53,3.56,3.44,3.22,3.12,3.28,3.72,3.28,3.56,3.00,3.72,3.39,3.39,3.28,3.11,3.17
201720,1375,1,33,31,3.07,3.71,3.10,2.97,3.58,2.62,3.26,3.10,3.32,3.26,3.61,3.48,3.39,3.42,3.10,3.55,3.36,3.23,2.97,3.13,3.26
201720,1375,1,32,23,3.23,3.65,3.13,3.13,3.65,3.23,3.39,3.26,3.65,3.43,3.74,3.65,3.57,3.54,3.22,3.70,3.70,3.57,3.30,3.13,3.52
201720,1375,1,31,28,3.46,3.89,3.46,3.29,3.57,2.52,3.32,3.25,3.61,3.25,3.64,3.54,3.52,3.50,3.29,3.64,3.64,3.50,3.14,3.39,3.54
201720,1375,1,34,29,3.38,3.90,3.21,3.17,3.59,3.18,3.45,3.52,3.41,3.38,3.59,3.55,3.62,3.69,3.28,3.76,3.59,3.48,3.24,3.48,3.59
201720,0238,1,30,12,3.58,3.75,3.33,3.25,3.58,3.22,3.50,3.50,3.50,3.50,3.42,3.42,3.58,3.44,3.33,3.42,3.33,3.33,3.25,3.25,3.17
201720,0238,1,30,7,3.14,3.71,3.57,2.57,3.86,3.20,3.00,2.71,3.43,3.29,3.14,3.14,3.14,3.67,2.29,3.14,3.00,3.14,2.57,2.86,3.14
201720,0238,1,32,15,3.60,3.80,3.60,3.13,3.87,3.00,3.33,3.20,3.27,3.60,2.93,3.27,3.40,3.57,2.64,3.27,3.07,3.47,3.07,3.13,3.47
201720,2930,1,34,31,3.55,3.77,3.37,2.93,3.73,3.13,3.52,3.26,3.03,3.23,3.48,3.40,3.19,3.20,2.77,3.48,3.32,3.36,3.03,2.93,3.13
201720,2930,1,36,35,3.37,3.83,3.38,2.91,3.63,3.12,3.29,3.11,3.26,3.23,3.54,3.34,3.17,3.45,2.69,3.37,3.34,3.34,3.00,2.89,3.21
201720,2930,1,36,31,3.32,3.84,3.29,3.10,3.61,3.03,3.39,3.30,3.48,3.36,3.64,3.45,3.36,3.35,3.19,3.81,3.64,3.58,3.39,3.39,3.29
201720,4919,1,32,16,3.63,3.88,3.44,3.19,3.75,2.93,3.38,3.38,3.19,3.50,3.13,3.44,3.50,3.00,2.60,3.63,3.38,3.31,3.13,3.00,3.19
201720,7759,1,33,16,3.56,3.94,3.50,3.56,3.88,3.36,3.19,3.44,3.63,3.31,3.56,3.63,3.56,3.36,3.19,3.56,3.44,3.44,3.31,3.50,3.44
201720,1374,1,33,18,3.39,3.78,3.50,3.35,3.61,2.83,3.33,3.33,3.06,2.72,3.56,3.39,3.00,3.21,2.67,3.50,3.33,3.28,3.22,3.22,3.50
201720,6129,1,30,14,3.36,3.71,3.43,3.14,3.69,2.91,3.07,3.00,2.50,3.07,3.57,3.64,3.36,2.89,3.07,3.57,3.36,3.21,3.00,2.86,3.00
201720,1448,1,35,29,3.55,3.76,3.31,3.31,3.62,3.04,3.59,3.59,3.28,3.41,3.79,3.65,3.52,3.37,3.48,3.69,3.69,3.55,3.31,3.52,3.52
201720,3127,1,33,32,3.56,3.97,3.44,3.53,3.69,3.33,3.75,3.72,3.78,3.78,3.97,3.75,3.88,3.52,3.84,3.91,3.66,3.81,3.69,3.59,3.50
201720,1374,2,131,127,3.31,3.44,3.45,3.45,3.71,3.16,2.85,2.68,3.21,2.70,2.99,2.96,3.08,3.18,2.78,3.26,3.07,3.05,2.61,2.88,3.16
201720,3332,2,32,7,3.71,4.00,3.71,3.43,3.86,3.40,2.71,1.86,1.43,2.33,3.14,2.71,2.43,2.50,1.57,2.71,3.00,2.86,2.14,2.00,2.50
201720,8683,2,30,6,4.00,4.00,4.00,3.67,4.00,3.60,3.00,3.00,3.33,3.17,3.33,3.00,3.17,3.75,3.00,3.33,3.67,3.33,3.17,2.83,3.00
201720,8683,2,33,9,3.78,3.78,3.78,3.67,3.89,3.33,3.22,2.56,2.44,3.00,3.33,2.67,2.44,3.25,2.75,2.67,3.44,3.00,2.44,2.33,2.56
201720,8683,2,31,14,3.79,3.93,3.93,3.71,3.79,3.55,2.71,2.43,2.07,2.23,3.29,2.57,2.00,2.63,2.14,2.71,3.00,2.71,2.50,2.71,2.46
201720,8683,2,31,7,3.57,3.71,3.86,3.43,4.00,4.00,3.29,3.14,3.29,3.17,3.71,3.43,3.29,3.67,3.00,3.43,3.29,3.29,3.00,3.29,3.29
201720,0516,2,28,20,3.80,3.80,3.65,3.60,3.95,3.18,3.50,3.30,3.05,3.55,3.20,2.85,2.70,2.89,2.60,3.00,2.80,3.05,3.35,3.30,3.30
201720,0516,2,29,14,3.29,3.71,3.50,2.79,3.71,3.15,2.93,2.29,2.86,2.57,3.14,2.57,2.43,1.75,2.00,2.64,2.43,2.57,2.07,1.93,2.36
201720,0516,2,28,11,3.36,3.82,3.55,2.91,3.91,3.40,3.27,2.91,2.82,3.00,3.27,2.18,2.09,2.67,1.91,2.27,2.27,3.00,2.73,2.64,2.64
201720,3127,2,41,25,3.84,3.92,3.92,3.48,3.76,3.42,3.92,3.76,3.80,3.76,3.92,3.92,3.88,3.75,3.80,4.00,3.92,3.92,3.80,3.84,3.84
201720,4445,2,33,28,3.70,3.79,3.25,3.46,3.82,3.52,3.96,3.96,4.00,3.93,4.00,3.96,4.00,3.90,3.96,3.96,3.96,3.96,3.86,3.96,3.96
201720,4445,2,31,30,3.80,3.79,3.27,3.27,3.60,3.65,3.80,3.83,3.87,3.90,3.83,3.77,3.80,3.74,3.87,3.90,3.83,3.87,3.67,3.77,3.80
201720,8345,2,25,4,3.00,3.75,3.00,2.75,3.50,3.00,3.00,3.25,3.75,3.75,4.00,3.50,3.75,4.00,3.25,3.50,3.75,3.50,3.50,2.25,3.00
201720,8345,2,24,6,3.50,4.00,3.50,3.83,4.00,3.80,3.67,3.67,3.83,3.50,3.67,3.67,3.83,3.60,3.50,3.83,3.83,3.50,3.50,3.50,3.50
201720,2280,2,24,21,3.67,3.76,3.62,3.14,3.67,3.42,3.81,3.71,3.95,3.81,4.00,3.81,3.81,3.83,3.71,3.86,3.86,3.90,3.57,3.57,3.71
201720,2280,2,24,21,3.62,3.67,3.71,3.29,3.76,3.24,3.71,3.67,3.76,3.52,3.86,3.81,3.67,3.60,3.81,3.95,3.86,3.81,3.57,3.57,3.62
201720,8570,2,24,23,3.43,3.83,3.61,3.26,3.87,3.35,3.57,3.39,3.78,3.48,3.70,3.74,3.65,3.72,3.65,3.61,3.43,3.70,3.39,3.43,3.61
201720,7962,2,23,14,3.57,3.93,3.71,3.43,3.79,3.42,3.79,3.43,3.57,3.86,3.71,3.64,3.43,3.67,3.36,3.50,3.36,3.71,3.29,3.36,3.50
201720,7175,2,29,23,3.35,3.35,3.22,3.13,3.61,3.24,3.61,3.39,3.64,3.39,3.32,3.52,3.48,3.75,3.17,3.65,3.39,3.57,2.95,2.74,3.26
201720,7175,2,33,20,3.45,3.55,3.40,3.00,3.70,3.50,3.55,3.30,3.70,3.50,3.50,3.60,3.55,3.58,3.20,3.75,3.70,3.45,3.15,3.10,3.45
201720,1448,2,28,22,3.45,3.59,3.64,3.41,3.73,3.10,3.32,2.77,2.41,2.90,3.41,2.86,2.09,2.83,2.64,2.73,3.09,2.82,2.59,2.86,2.95
201720,1448,2,26,16,3.50,3.44,3.25,3.44,3.81,3.07,3.31,3.25,3.00,3.13,3.75,3.19,2.75,3.38,2.94,3.31,3.69,3.13,2.88,2.81,3.13
201720,1448,2,21,13,3.62,3.54,3.62,3.62,3.69,3.08,3.69,3.69,3.31,3.17,4.00,3.62,3.23,3.22,3.38,3.62,3.77,3.77,3.54,3.77,3.54
201720,6163,2,28,26,3.81,3.88,3.77,3.69,3.85,3.52,3.88,3.85,3.88,3.65,3.92,3.85,3.88,3.31,3.85,3.96,3.88,3.88,3.85,3.85,3.92
201720,2240,3,33,15,3.93,4.00,3.73,3.73,3.87,3.53,3.80,3.73,3.93,3.87,3.87,3.73,3.87,3.83,3.73,3.93,3.93,3.93,3.80,3.73,3.80
201720,2937,3,16,12,3.75,3.67,3.75,3.50,3.92,3.58,3.83,3.83,4.00,3.92,3.92,4.00,4.00,3.89,3.92,4.00,4.00,4.00,3.92,3.92,3.92
201720,2937,3,24,21,3.80,3.65,3.70,3.45,3.81,3.76,3.81,3.86,3.90,3.90,3.95,3.95,3.86,4.00,3.67,3.95,4.00,3.95,3.81,3.71,3.76
201720,8035,3,15,1,4.00,4.00,4.00,4.00,0.00,4.00,4.00,4.00,4.00,4.00,4.00,4.00,4.00,4.00,4.00,4.00,4.00,4.00,4.00,4.00,4.00
201720,9701,3,24,11,3.18,3.64,3.45,3.00,3.73,2.75,2.64,1.36,1.46,2.82,1.64,2.55,1.27,1.78,0.82,2.36,2.55,1.54,1.73,1.36,1.64
201720,9701,3,24,6,3.17,3.67,3.50,3.33,3.83,3.40,3.17,2.50,2.67,2.60,2.33,2.67,2.33,3.00,2.00,2.83,2.50,2.67,2.17,1.83,2.17
201720,9361,3,35,11,3.55,3.55,3.36,3.18,3.36,3.78,3.45,3.64,3.18,3.27,3.82,3.82,3.73,3.80,3.64,3.91,3.91,3.73,3.64,3.64,3.55
201720,3788,3,30,24,3.58,3.75,3.65,3.38,3.83,3.21,3.33,3.29,3.21,3.04,3.79,3.67,3.54,3.88,3.33,3.83,3.67,3.50,3.25,3.33,3.29
201720,0607,3,28,27,3.67,3.63,3.63,3.07,3.82,3.15,3.33,3.18,3.30,3.52,3.56,3.56,3.18,3.56,3.18,3.59,3.54,3.44,3.11,3.37,3.48
201720,3788,4,15,13,3.54,3.77,3.33,3.38,3.85,3.30,3.46,2.92,2.23,2.67,3.54,2.46,2.38,3.00,2.54,3.08,2.58,2.77,3.15,2.67,3.09
201720,6882,4,23,22,3.77,4.00,3.91,3.86,3.77,3.77,3.91,3.82,3.73,3.55,3.95,3.55,3.45,3.90,3.57,3.82,3.81,3.77,3.77,3.41,3.73
201720,0216,4,23,13,3.83,3.92,3.69,3.85,3.85,3.67,3.77,3.62,3.54,3.69,3.54,3.62,3.46,3.78,3.58,3.62,3.69,3.46,3.69,3.46,3.46
201720,0216,4,24,13,3.85,3.85,3.77,3.77,4.00,3.58,3.77,3.77,3.85,3.54,3.77,3.92,3.77,4.00,3.92,3.92,3.58,3.69,3.77,3.62,3.69
201720,6882,4,21,21,3.76,3.81,3.62,3.86,3.81,3.48,3.81,3.81,3.62,3.65,3.90,3.62,3.48,3.70,3.48,3.76,3.71,3.67,3.86,3.48,3.57
201720,9361,4,27,8,3.88,3.63,3.50,3.75,3.75,3.75,3.88,3.88,3.50,3.83,3.75,3.88,3.88,3.80,4.00,4.00,4.00,3.75,3.75,3.50,3.71
201720,3332,4,28,10,3.80,3.90,3.80,3.30,3.70,3.10,3.10,2.70,2.90,2.80,3.50,3.10,2.80,3.57,2.90,3.70,3.50,3.30,2.80,2.50,3.11
201720,8345,4,30,12,3.67,3.92,3.75,3.58,3.75,3.73,3.83,3.92,3.92,3.70,3.92,3.83,3.83,3.89,3.92,3.75,3.83,3.83,3.83,3.83,3.83
